,授業科目名,科目番号,単位数,標準履修年次,時間割,担当教員,授業概要,専攻区分,授業方法,学位プログラム・コンピテンスとの関係,授業の到達目標(学修成果),授業計画,履修条件,成績評価方法,学修時間の割り当て及び授業外における学修方法,教材・参考文献・配付資料等,オフィスアワー等(連絡先含む),その他(受講生にのぞむことや受講上の注意点等),他の授業科目との関連,ティーチングフェロー(TF)・ティーチングアシスタント(TA),キーワード
0,社会工学演習,FH60012,3.0 単位,2 年次,"春ABC 金5,6","秋山 英三, 澤 亮治, 大久保 正勝, 岡田 幸彦, Phung-Duc Tuan, 有馬 澄佳, 有田 智一, 村上 暁信, 梅本 通孝","社会工学を体系として,方法,手法,応用の3種類にわたって概観し,社会工学の基本理解する。具体的事例により,社会工学的問題解決についての手法の初歩を習得する。",基礎・専門基礎,演習,汎用:コミュニケーション能力、批判的・創造的思考力、データ・情報リテラシー、広視野と国際性、協働性・主体性・自律性応用:社会システムの基礎的理解と洞察力、複雑な社会問題解決のための数学・統計学情報技術、社会的要請への対応力、コミュニケーション・スキル,社会工学の基礎を理解するとともに、社会工学類の3つの主専攻の人材育成方針をそれれの演習を通して理解する。さらに、合理的に主専攻選択をできるようになる。,"第1週、第14週、第15週は、受講生全員がオンライン/大教室で集まり行う。第213週は、60人程度の2グループ(Aクラス, Bクラス)に分かれ、3つの主専攻セット)を受講する。<社会経済システム主専攻の演習の構成>1. マッチングゲーム実験2. 実験に関わる背景の講義3. 社会的ジレンマ行動実験4. 実験データの解説・背景の講義<経営工学主専攻の演習の構成>1. 効率性の追求と待ち行列の役割12. 効率性の追求と待ち行列の役割23. 社会工学とデータサイエンスの役割4. つくば市スーパーシティ構想にどう貢献するか?<都市計画主専攻の演習の構成>1. 課題説明,フィールド調査・現状把握2. 対象地の特徴分析,再生案の検討3. 対象地の再生案の立案,発表準備4. プレゼンテーションの実施詳細は第1週のオリエンテーションで指示する。第1回 全体の構成について説明、各主専攻の実習内容と目的の説明第2回 都市計画(Aクラス)、社会経済システム(Bクラス)第3回 都市計画(Aクラス)、社会経済システム(Bクラス)第4回 都市計画(Aクラス)、社会経済システム(Bクラス)第5回 都市計画(Aクラス)、社会経済システム(Bクラス)第6回 社会経済システム(Aクラス)、経営工学(Bクラス)第7回 社会経済システム(Aクラス)、経営工学(Bクラス)第8回 社会経済システム(Aクラス)、経営工学(Bクラス)第9回 社会経済システム(Aクラス)、経営工学(Bクラス)第10回 経営工学(Aクラス)、都市計画(Bクラス)第11回 経営工学(Aクラス)、都市計画(Bクラス)第12回 経営工学(Aクラス)、都市計画(Bクラス)第13回 経営工学(Aクラス)、都市計画(Bクラス)第14回 各主専攻からの講評、質問シートによるディスカッション第15回 総括原則として、全ての週に出席すること。",社会工学類および社会工学学位プログラム(博士・修士)/サービス工学学位プログラ(修士)のHPを精読しておくこと。,"第1, 14週レポート・議論4%、社会経済システム主専攻の演習の成績32%、経攻の演習の成績32%、都市計画主専攻の演習の成績32%。詳細は第1週のオリエンン等で指示する。",第1週のオリエンテーションで指示する。,演習中に適宜指示する。,第1週のオリエンテーションで指示する。,,,主専攻ごとに4人程度のTA,"社会経済システム, 経営工学, 都市計画"
1,社会工学英語,FH60341,2.0 単位,2 年次,"秋AB 金3,4","ターンブル ステイーヴェン, 金澤 輝代士, 川島 宏一",社会工学に関する基礎的概念を英語で学ぶ。,基礎・専門基礎,講義,汎用コンピテンス:コミュニケーション能力、広い視野と国際性専門コンピテンス:コミュニケーションスキル,"大学院まで社会工学・サービス工学を学び、研究するために必要な、英語のReadiWriting, Listening and Speakingのスキルを身につ","1クラス60人程度のクラスを2つ(Aグループ、Bグループ)設け、Aグループは「く」「聞く・話す」、Bグループは、「書く」「聞く・話す」「読む」の順で受講する第1回 社会工学専門英語の概要を説明する: 授業スケジュール、学修時間の割り当授業外における学修方法、成績評価方法など 担当:川島 宏一 , 金澤 輝代士第2回 【Reading(1)】パラグラフ・リーディン入門 研究論文の構成要素について 担当:金澤 輝代士第3回 【Reading(2)】パラグラフ・リーディン入門 パラグラフとは 担当:金澤 輝代士第4回 【Reading(3)】パラグラフ・リーディング発展 パラグラフの集まりとしての論文 担当:金澤 輝代第5回 【Writing(1)】(1)Wikipediaと共著文書(2)知的財産権、コミュニケーション習慣とネチケット第6回 【Writing(2)】(1)日本語と英語の構造の違い(冠詞と数、指示形容詞、簡潔さ)(2)Writingのための各種ソフトウェアへの紹介第7回 【Writing(3)】(1)プレゼンテーションこそすべて(目的、聴衆から得たいもの)(2)様々な英語の書きもの(ショートエッセイ、期末試験、協働レポート、卒業論文第8回 【Listening and Speaking(1)】都市計画分野の古典(「明日の田園都市」と「近隣住区論」)を読み、議論のポイントついて、グループディスカッションし、個人スピーチを行う。ディスカッションポイント1:都市計画はどのような背景の中で生まれたのか? 担当宏一第9回 【Listening and Speaking(2)】都市計画分野の古典(「都市のイメージ」と「アメリカ大都市の死と生」)を読み、議のポイントについて、グループディスカッションし、個人スピーチを行う。ディスカッションポイント2:都市計画はどのように発展してきたのか? 担当:川島第10回 【Listening and Speaking(3)】都市計画分野の古典(「社会関係資本」と「創造都市」)を読み、議論のポイントにつて、グループディスカッションし、個人スピーチを行う。ディスカッションポイント3:都市計画はどこへ向かおうとしているのか?~について~ 担当:川島 宏一原則として全ての回に出席すること。",社会工学類の専門導入科目と必修科目「社会工学演習」を履修済みであることが望ましい。,Reading:各週のレポート(30%+30%+40%)Writing:各回の論点に関するホームワーク(15% x 3)、Wikipe(55%)Listening and Speaking:各回の論点に関する発言回数(30答率(30%)、期末レポート(40%),Reading:各回がはじまる前に、自分の関心がある研究の英語キーワードを10しておくこと。Listening and Speaking:(事前)各回の授業に関するReaNetAcademy Nextの単元に回答すること。(事後)各回の論点に関するQuizに回答すること。,担当教員がTeams上で配布,特定のオフィスアワーは設けていないが、個別にメールでのアポイントメント依頼を受けて対応します。ターンブル ステイーヴェン  turnbull at sk.tsukuba.ahttp://turnbull.sk.tsukuba.ac.jp/,"第1回では授業のガイダンスを行います。本授業では(1) Reading, (2Listening and Speakingの3つの項目がありますが、学生は複ループ毎に異なる順番で以上の3項目を受講する予定です。そのためのグループ分け、講順序、各項目で予定している内容の説明をガイダンスで行います。また、各人の英語力を確認するテストも行う予定です。",FH60012 社会工学演習,Listening and Speaking: TA配置有りWriting: TA配置有り,インフォメーション・ネットワークと経済、アカデミック・ライティング、都市計画
3,プログラミング入門A,FH60474,2.0 単位,1 年次,"秋AB 木5,6","佐野 幸恵, 秋山 英三",プログラミングの有用性と必要性を理解し、単純な処理を行うプログラムを書けるようになることを目指す。,基礎・専門基礎,講義及び演習,"データ・情報リテラシー, 社会システムの基礎的理解と洞察力, 複雑な社会問題解ための数学・統計学・情報技術, 課題探求能力",プログラミングの有用性と必要性を理解し、単純な処理を行うプログラムを書けるようになることを目指す。,第1回 PythonとJupyter Notebook第2回 変数、関数、数値、文字列第3回 制御構造第4回 リストと文字列第5回 これまでのまとめ第6回 変数の有効範囲、ファイル、スクリプト第7回 二次元のリストとCSVファイル第8回 画像第9回 画像フィルタとアニメーション第10回 まとめ第11回 試験,共通科目「情報リテラシー(講義)」および「情報リテラシー(演習)」を履修していとが望ましい。,レポート(Manaba 小テスト含む) 60%、期末試験 40%によって評価す,授業の資料は、Manabaで配布する。授業の動画は事前に配信するので、受講生は事前に視聴すること。教員またはTAが授業時間は端末室で待機しているが、オンラインでも質問を受け付ける。毎回の授業時間内に授業内容に係る小テストを実施するので受けること。毎回の授業で示す課題についてはレポートを作成し、設定された期限までに提出すること。レポートの提出期限を遅れると、それに応じて減点される。,谷尻 かおり 新・標準プログラマーズライブラリ 試してわかる Python[基https://www.tulips.tsukuba.ac.jp/search,,,FH60574 プログラミング入門B,TA 配置有り(2名),"Python, プログラミング, 変数, 型, 文字列, リスト, 条件分岐,ソッド, 引数, 戻り値, ライブラリ, ファイル, 画像"
4,プログラミング入門B,FH60574,1.0 単位,1 年次,"秋C 木5,6","佐野 幸恵, 秋山 英三",プログラミングの有用性と必要性を理解し、単純な処理を行うプログラムを書けるようになることを目指す。,基礎・専門基礎,講義及び演習,"データ・情報リテラシー, 社会システムの基礎的理解と洞察力, 複雑な社会問題解ための数学・統計学・情報技術, 課題探求能力",プログラミングの有用性と必要性を理解し、単純な処理を行うプログラムを書けるようになることを目指す。,第1回 応用1第2回 応用2第3回 応用3第4回 応用4第5回 応用5,共通科目「情報リテラシー(講義)」および「情報リテラシー(演習)」を履修していとが望ましい。,レポート(Manaba 小テスト含む)によって評価する。,授業の資料は、Manabaで配布する。授業の動画は事前に配信するので、受講生は事前に視聴すること。教員またはTAが授業時間は端末室で待機しているが、オンラインでも質問を受け付ける。毎回の授業時間内に授業内容に係る小テストを実施するので受けること。毎回の授業で示す課題についてはレポートを作成し、設定された期限までに提出すること。レポートの提出期限を遅れると、それに応じて減点される。,谷尻 かおり 新・標準プログラマーズライブラリ 試してわかる Python[基https://www.tulips.tsukuba.ac.jp/search,初回の授業でアナウンスする。秋山 英三  eizo at sk.tsukuba.ac.jphttp://infoshako.sk.tsukuba.ac.jp/̃eizo,,,,"Python, プログラミング, 変数, 型, 文字列, リスト, 条件分岐,ソッド, 引数, 戻り値, ライブラリ, ファイル, 画像"
5,統計学,FH60811,2.0 単位,1 年次,"秋AB 金5,6",イリチュ 美佳,データを分析する上での基礎的な手法やモデルについて講義する。主な内容は、統計的方法の性質、標本データの記述、確率の基本的考え方、確率分布、標本抽出、母数の推定、仮説検定。,基礎・専門基礎,講義,データ・情報リテラシー、社会システムの基礎的理解と洞察力、複雑な社会問題解決のための数学・統計学・情報技術,統計学の基礎的な事項を習得する。,第1週 統計的方法の性質第2週 標本データの記述第3週 確率第4週 確率分布第5週 主要な確率分布第6週 標本抽出第7週 推定(1)第8週 推定(2)第9週 仮説の検定(1)第10週 仮説の検定(2),備考欄をよく読み、該当する科目番号の講義を履修すること。,中間50%および期末試験50%(全クラス共通)による。,受講者の理解度に応じ、授業中に指示する。,"P.G.ホーエル著,浅井 晃・村上正康共訳 『初等統計学 原書第4版』培風館",授業中に指示する。,,,,データ解析
6,経済学の数理,FH61111,1.0 単位,1 年次,"春B 水3,4","澤 亮治, 阿武 秀和",経済・社会的状況を数理的にモデル化する基礎的な手法を学ぶ。主にゲーム理論およびマッチング理論を扱う。,基礎・専門基礎,講義,批判的・創造的思考力、広い視野と国際性、社会システムの基礎的理解と洞察力、複雑な社会問題解決のための数学・統計学・情報技術,経済・社会的状況を数理的にモデル化する基礎的な手法を学ぶ。複数の人が個別に意思決定する状況をモデル化するゲーム理論、人と人あるいは人とモノをマッチさせる制度をモデル化するマッチング理論を理解する。,前半は、複数の人が個別に意思決定する状況をモデル化するゲーム理論を講義する。後半は、人と人あるいは人とモノをマッチさせる制度をモデル化するマッチング理論を講義する。1) (前半)以下のゲーム論の内容について講義する。. (第1週) 複数の人が個別に意思決定する状況のモデル化手法. (第2-3週) そのような状況下の結果を予測するナッシュ均衡. (第3週) 部分ゲーム完全均衡(時間に余裕がある場合)2) (後半)以下の内容について講義する。・(第3-4週) 腎臓ドナー交換を題材とした、人とモノのマッチングを行う経済モついて。・(第4-5週) 結婚市場を題材とした、人と人のマッチングを行う経済モデルにつ,特になし。,宿題(5%)と期末試験(95%)で判定。評価の方法は状況によって変更の可能性が不良者の救済は一切行わない。,講義終了後、教科書や資料の該当部分を読み、考える。配布された練習問題を解く。,講義で適宜指示する。,随時。メールでアポイントを取ること。,,,,ゲーム理論、ナッシュ均衡、マッチング理論、臓器ドナー交換、結婚市場
7,経済学の実証,FH61121,1.0 単位,1 年次,"秋B 木3,4",折原 正訓,経済学の実証分析(データ分析)の基礎を学ぶ。,基礎・専門基礎,講義,批判的・創造的思考力、データ・情報リテラシー、広い視野と国際性、社会システムの基礎的理解と洞察力、複雑な社会問題解決のための数学・統計学・情報技術、グローバル課題の分析能力、社会的要請への対応力,・経済学を含む様々な分野における実証分析・データ分析に必須の基礎知識を習得する。今後のキャリア形成の幅を広げることが目標である。・特に、1)ビッグデータを含む一般的なデータ(=非実験データ)を用いると選択バが生じ得ること、および2)選択バイアスに緩和する手法とその限界を理解することが要である。,"・オンデマンド形式。ただし、オンラインのリアルタイム形式で任意参加の質問セッションを実施予定。・経済学の実証の基礎を学ぶ。経済学の実証を含むデータ分析の発展的科目の履修、およびこの分野の研究を行うために必須の内容を扱う。第1週 経済学の実証はなぜ重要か?政府や企業における近年の議論を紹介しながらそ義を説明する。経済学の実証はなぜ難しいか?「他の条件を一定」という強い条件が必なためである。Angrist & Pischke(2014)の第1章の健康保険の仮定の意味を説明する。第2週 一般的な非実験データから因果関係を知ろうとすると選択バイアスが生じる。のため、実験に基づく分析が望ましいことを直感的に説明する。しかし、社会科学分野で実験は困難である。経済学の実証の主眼は、実験に近い性質を持つ分析枠組みの設定である。また、社会科学における因果関係の定義には曖昧さが残る点も強調する。第3週 因果関係と選択バイアスを数学的に定式化する。条件付き期待値を用いた議論特に有用である。この枠組を用いて、なぜ実験が望ましいか数学的に理解する。Ang& Pischkeの第1章掲載のランド健康保険実験やIto, Ida, TanSuasion and Economic Incentives: FieldDemand,” American Economic Journal: Ecoが選択バイアスを現に緩和していることを見る。第4週 卒業大学の違いによる年収格差は教育効果によるものか?Angrist &章に基づき、回帰分析を用いてこの問いに答える。実験ほどではないにせよ、知りたい因果関係に近づくことができる。回帰分析を通じて対処可能・不可能な選択バイアスの種類の理解がとりわけ重要である。第5週 データ分析の結果はどう解釈すべきであろうか?まず、最小二乗法の発想と計程を紹介する。次に、その結果得られる推定値の適切な解釈の仕方を説明する。最後に、実証分析の限界と可能性について最近の動向も踏まえて紹介する。",特になし。,・期末試験100%。試験は対面で実施予定。・成績評価は標語(A+、A、B、C、D)ではなく100点満点の素点で行う。,講義日および翌週講義日(あるいは前日)の復習が重要である。,講義スライドをmanabaにアップロードする。,Teamsのチャット等で連絡の上随時。,履修にあたって合理的配慮が必要な学生は事前に連絡のこと。,,,"因果関係, 選択バイアス, 政策評価, 条件付き期待値, 回帰分析"
8,会計と経営,FH61131,1.0 単位,1 年次,"春A 木5,6","岡田 幸彦, 高野 祐一",理工学群社会工学類への導入として、社会課題を発見・解決するために必須となる会計と経営の基礎知識を習得する。国家経営の最適化(社会経済システム主専攻)、企業経の最適化(経営工学主専攻)、地域経営の最適化(都市計画主専攻)のために必要な最度の会計・経営の知識・スキルの水準を理解する。,基礎・専門基礎,講義,汎用:批判的・創造的思考力、データ・情報リテラシー、広い視野と国際性専門:社会システムの基礎的理解と洞察力、グローバル課題の分析能力、社会的要請へ対応力,社会工学類への導入として、会計と経営の関わり、日商簿記検定3級レベルの記帳技術重要性、およびマーケティングとファイナンスの役割を理解する。,授業の前半はオンライン(リアルタイム、録画有)で行う。詳細はmanabaで指示第1回 なぜ会計が必要か第2回 仕訳と転記第3回 商品売買と損益第4回 マーケティングと収益最適化第5回 ファイナンスとキャッシュフロー最適化,複式簿記についてインターネット検索で調べられることは知っておくこと。,"第1~3週:毎週の課題30%、期末レポート30%(計2,000字程度を予定)第4~5週:授業内小テスト20%、期末レポート20%総合評価は素点で行う(A+/A/B/C/Dではない)。","講義80%、演習等20%第1週から第3週は、毎週課題(予習・復習、それぞれ90分以内)を課す。そのうち出課題は、manabaで1,000字程度である。第4週と第5週は、授業中に指示する。",授業中に適宜指示する。,いつでもメールで受け付ける。,なし,,TA2人,"簿記, 会計, マーケティング, ファイナンス"
9,社会と最適化,FH61141,1.0 単位,1 年次,"秋A 水3,4","吉瀬 章子, 繁野 麻衣子, 繆 瑩, Phung-Duc Tuan",持続性の高い社会を実現するためには、エネルギー・情報・サービス等の社会資源を最適に活用することが求められている。本講義ではさまざまな数理モデルを用いることで、社会資源がどのように最適に活用できるか、実際の事例に基づいて紹介する。,基礎・専門基礎,講義,"批判的・創造的思考力,データ・情報リテラシー,広い視野と国際性,社会システムの的理解と洞察力,複雑な社会問題解決のための数学・統計学・情報技術,社会的要請へ対応力",持続性の高い社会を実現するために必要となる、エネルギー・情報・サービス等の社会資源を最適に活用するための数理モデルの知識と実際の事例に関する知識を習得すること。,第1回 本授業の概要の説明社会工学とは何か 数理最適化モデルとその社会における応用(1)第2回 数理最適化モデルとその社会における応用(2)第3回 社会と数学第4回 社会とオペレーションズ・リサーチ(1)第5回 社会とオペレーションズ・リサーチ(2)各回のトピックは入れ替わりの可能性がある.,さまざまな社会課題に対する興味を持っていることを前提とする。,期末試験のみにより成績評価を行う。,講義内容を予習し復習すること。特に期末試験では復習することを前提としている。,講義内において必要な教材・参考文献・配布資料を提示する。,E-mailで事前に連絡の上随時,オンデマンド型のオンライン授業を行う予定。状況に応じて講義方法を変更する必要が生じた場合はmanabaを通じて連絡する。,,,"数理最適化, 応用数学, 待ち行列システム,オペレーションズ・リサーチ"
10,都市計画入門,FH61151,1.0 単位,1 年次,"春C 火5,6","藤井 さやか, 雨宮 護, 梅本 通孝, 谷口 綾子, 甲斐田 直子, 山本 幸子","「都市計画」が扱う様々な分野を参照しながら,人々の安全で健康な暮らしと便利で快な営みを実現するための都市計画の概要について学び,その役割と意義を理解する。",基礎・専門基礎,講義,批判的・創造的思考力、広い視野と国際性、社会システムの基礎的理解と洞察力、複雑な社会問題解決のための数学・統計学・情報技術、グローバル課題の分析能力、社会的要請への対応力、課題探求能力,"都市にはたくさんの人が集まり、活動している。それら活動を支えるためには,活動のとなる施設、それらをつなぎ動かす交通や供給施設などの基盤、緑や快適な空間といった環境が必要である。多様な価値観と属性の人々が集まる中で、良好な都市をつくるには、成り行き任せではなく、「計画」を持った取り組みが不可欠である。本講では、「都市計画」が扱う様々な分野を参照しながら、人々の安全で健康な暮らしと便利で快適な営みを実現するための都市計画の概要について学び、その役割と意義を理解し、説明できるようになる。","新型コロナウイルスの影響で講義や期末試験の実施方法が変更される場合があります。第1週 (1)イントロダクション都市計画の仕組みと意義、今日的課題を概説し、本講義で取り上げる6つの分野を紹介る。(2) まちづくりと都市計画土地利用計画の仕組みと意義について紹介するとともに、都市計画プロセスにおける行政と市民の役割、異なる属性や多様な価値観を持つ人々の合意形成のあり方について、筑波大学が立地するつくば市及び筑波研究学園都市の都市計画と発展の系譜を手掛かりに解説する。 担当:藤井 さやか第2週 (3)公園・緑地と都市計画筑波研究学園都市の公園緑地計画を手掛かりに、公園・緑地の機能や必要性、計画の考え方、今日の課題を解説する。(4)防災と都市計画都市リスクと災害対策のサイクルの視点から都市計画アプローチによる防災対策について概観し、都市計画における防災の位置づけ、防災における都市計画の意義と必要性について解説する。 担当:梅本 通孝 , 雨宮 護第3週 (5)交通と都市計画都市の動脈・静脈とも言える「交通」について,人の動きに着目し,安全で快適な移動支える施策について概観するとともに,過度なクルマ利用が都市にもたらす影響とその和策を紹介する.(6)環境問題と都市計画都市の人間活動と、それを下支えする自然環境資源・生態系システムとの相互影響関係を解説する。また、都市に存在する身近な環境問題に対する人々の関わりやその改善方策事例を紹介する。 担当:谷口 綾子 , 甲斐田 直子第4週 (7)農村地域の都市計画人口減少・高齢化が先んじて進む農山村地域において、持続可能な地域づくりのための施策および地域主体で地域活性化に取り組む事例について紹介する。(8)振り返り6分野の講義の振り返りを行う。 担当:山本 幸子第5週 (9)最終討議「都市計画っておもしろい!」6名の教員全員で、都市計画の意義と役割、魅力について、パネルティスカッション形で討議します。 担当:谷口 綾子 , 梅本 通孝 , 藤井 さやか , 甲斐田, 山本 幸子第6週 (10)期末試験 担当:谷口 綾子 , 梅本 通孝 , 藤井 さやか宮 護 , 山本 幸子",日々の生活の中で、安全や健康、利便性と快適性が、都市計画の仕組みとどのように関連しているか関心を持ち、講義と関連付けて考えること。,期末試験(70%)+7回分課題(30%)により成績評価を行う。期末試験の詳細はアナウンスする。,講義で取り上げる事例や仕組みをもとに実際にまちの様子を観察すること。,講義中で紹介する。,藤井 さやか  メールでアポイントをとってください fujii at sk.t雨宮 護  随時.メールで連絡すること. amemiya at sk.tsuk梅本 通孝  月曜9:00-12:00(電子メール等にてアポ必要)総合研究棟B802 umemoto#at#risk.tsukuba.ac.jp//infoshako.sk.tsukuba.ac.jp/̃tj330/Lab谷口 綾子  電子メールでアポイントメントを取ること総合研究棟B 721室taniguchi[at]risk.tsukuba.ac.jphttps:/jp/̃tj330/Labo/ayakolab/index.html甲斐田 直子  メールによりアポイントメントを取ること naoko.kaidaac.jphttps://trios.tsukuba.ac.jp/resear山本 幸子文科系修士A棟307 sachiko at sk.tsukuba.ac.jp,都市やまちに興味を持ち、自分の身近な環境の改善に何ができるか考えてほしい。,,,"つくば, まちづくり, 公園・緑地, 防犯, 復興, 防災, 交通, 環境問題"
11,都市数理,FH61161,1.0 単位,1 年次,"秋B 水3,4","和田 健太郎, 堤 盛人, 鈴木 勉, 太田 充, 雨宮 護, 牛島 光一, 木下 陽平",都市や地域における様々な現象を数理モデルやデータ解析の手法によって理解するための入門的な方法論について講義する。,基礎・専門基礎,講義,汎用コンピテンス「批判的・創造的思考力」「データ・情報リテラシー」「広い視野と国際性」専門コンピテンス「社会システムの基礎的理解と洞察力」「複雑な社会問題解決のための数学・統計学・情報技術」「グローバル課題の分析能力」「社会的要請への対応力」「課題探求能力」,都市や地域における事象の分析や課題の解決の際に必要となる数学的なモデルや手法について学び、数学が現実世界でどのように利用されているのかについての理解を深める。,"第2回~10回については、順番が変更になる可能性がある。第1回 都市数理概論,記述する(1):空間相互作用と重力モデル第2回 記述する(2):社会のダイナミクスと微分方程式第3回 記述する(3):交通ネットワーク流の数理第4回 記述する(4):都市の均衡土地利用と付け値地代第5回 デザインする(1):施設配置と空間最適化第6回 デザインする(2):公共交通システムの数理第7回 デザインする(3):都市内の移動と通過第8回 測る(1):点的事象の可視化と分析第9回 測る(2):地球観測衛星の利活用第10回 測る(3):統計的因果推論を用いた政策評価",特になし。,期末試験に基づく。期末試験は本学の教室で実施する。90点以上100点以下 A+80点以上~90点未満 A70点以上~80点未満 B60点以上~70点未満 C60点未満 D,担当教員の指示に従うこと。,適宜資料等を配布する。,,現実の問題解決に数学がどのように実際に利用されるのかを楽しみながら学んで欲しい。,,平山 裕紀人,"数理モデル,微分方程式,均衡理論,最適化理論,確率論,統計理論"
12,計量分析システム演習,FH26012,2.0 単位,2 - 4 年次,"春AB 金1,2","折原 正訓, Tran Lam Anh Duong","統計分析の理論及び実証研究で用いられる計量手法をデータ解析などを通じて学ぶ。また,数値計算手法とその経済学への応用も学ぶ。",社会経済システム,演習,コミュニケーション能力、批判的・創造的思考力、データ・情報リテラシー、協働性・主体性・自律性、複雑な社会問題解決のための数学・統計学・情報技術、コミュニケーション・スキル、課題探求能力,数値計算手法とその経済学への応用を習得すること。また、金融・ファイナンス分野のデータ分析で用いられる計量手法を実例を通じて習得すること。,前半5回を折原、後半5回をTranが担当する。オンデマンド型の講義。第1回 Stataの基礎第2回 基本統計量の確認、金融・ファイナンスデータの特徴第3回 CAPM第4回 CAPMの応用第5回 CAPMまとめ、中間試験第6回 数値解析ソフトウェア「Matlab」の概要:基本的な操作第7回 条件・ループ処理等第8回 プログラミング手法第9回 Matlabと経済モデル第10回 まとめ,(前半)「経済学の実証」および「統計学」を履修済みであることが望ましい。統計分ソフトStataを用いるが事前知識は不要である。(後半)「微積分」、「線形代数」及び「プログラミング実習」を履修済みであること望ましい。,(前半) 期末試験50%(後半) 授業内演習10%、中間試験40%,毎回演習・授業内容を復習して、よく理解すること。,"(前半) 笠原晃恭・村宮克彦『実証会計・ファイナンス - Rによる財務・株式デ分析』新世社,2022年(後半) 特になし。",(前半)Teamsのチャットでアポイントメントを取ること。(後半)授業初日に発表随時。,(前半) Stataは端末室で利用できます。リモートデスクトップでも利用可能みです。(後半) Matlabは社工の端末室で利用できます(注:同時利用は50台まで,,TA配置あり(1名),回帰分析、数値解析、経済学、金融・ファイナンス
13,計量経済学,FH26021,2.0 単位,2 - 4 年次,"春AB 水1,2",髙橋 裕紀,計量経済学の基礎となる回帰分析の理論を講義する。統計学(統計的推定・仮説検定)微分積分学(偏微分)などの知識を前提とする。,社会経済システム,講義,批判的・創造的思考力、データ・情報リテラシー、社会システムの基礎的理解と洞察力、複雑な社会問題解決のための数学・統計学・情報技術,データ分析で広く用いられている回帰分析の基本的な理論、および発展的事項を理解すること。,2018年度まで開講されていた統計II(FH60741、FH60751)と一部第1週 授業の紹介、データの整理、確率論第2週 統計学、単回帰第3週 単回帰第4週 単回帰、重回帰第5週 重回帰第6週 重回帰第7週 パネルデータ第8週 パネルデータ、操作変数法第9週 操作変数法第10週 政策評価モデル,"統計学(2018年度以前は統計I)の内容である統計的推定・仮説検定を理解してい前提。また、偏微分(微積分2, 2018年度以前は微積分IIの内容)を理解してましい。",期末試験の成績(70%)とレポート(30%)に基づき評価する.,基本的な統計的推定・仮説検定については理解しているものとして授業を進めるので、事前に復習しておくこと。授業後は復習し、わからないところがあれば、質問すること。,"1. 西山慶彦, 新谷元嗣, 川口大司, 奥井亮,計量経済学(New Libe","質問等は随時受け付けますが,必ず事前にメールでアポイントを取ってください.takahashi.hiroki.gn@u.tsukuba.ac.jp",,,,"計量経済学, 回帰分析, 最小2乗法"
14,マクロ計量分析,FH26031,2.0 単位,2 - 4 年次,"秋AB 木1,2",大久保 正勝,経済時系列データの分析に必要な計量経済学の方法を解説する。また、必要に応じてマクロ経済や金融分析への応用例を紹介する。,社会経済システム,講義,批判的・創造的思考力、データ・情報リテラシー、社会システムの基礎的理解と洞察力、複雑な社会問題解決のための数学・統計学・情報技術,経済時系列データをもとに現実に観察されるマクロ経済現象を評価・分析する際に、どのような計量経済学上の問題が生じるのか、また、それに対してどのような対処法が必要かを説明できるようになる。,第1回 経済時系列データの特徴、中心的課題、時系列分析の基礎第2回 定常性と自己回帰モデル第3回 単位根とランダムウォークモデル第4回 単位根検定第5回 見せかけの回帰、共和分、共和分検定第6回 共和分回帰、誤差修正モデル1第7回 共和分回帰、誤差修正モデル2第8回 グレンジャー因果性第9回 インパルス応答関数第10回 分散分解,微積分、線形代数、統計学、計量経済学を履修済みであること。,小テスト30%、期末試験70%(テキスト・ノート等の持ち込み不可)により評価すA+̃Dは大学の規定に準ずる。,毎回の授業内容を復習し、専門用語の意味等を理解しておくこと。事後学習用に課す練習問題を各自で解くこと。,教科書は指定しない。必要に応じて資料を配布する。,授業において指示する。,線形代数(特に行列の演算、行列式、連立方程式の解法)、推定(特に最小2乗法)、定の基本事項について十分理解していること。,,,"非定常時系列, 単位根, 共和分, ベクトル自己回帰モデル"
15,金融論,FH26041,2.0 単位,2 - 4 年次,"秋AB 木3,4",原田 信行,ミクロ・マクロ経済学という分析手段を使って、金融システムを理論的・実証的に分析することで、経済における金融および金融政策の役割を考察する。,社会経済システム,講義,批判的・創造的思考力、データ・情報リテラシー、社会システムの基礎的理解と洞察力、社会的要請への対応力,経済における金融および金融政策の役割について理解する。,第1週 金融第2週 貨幣第3週 貸借対照表第4週 中央銀行I第5週 中央銀行II第6週 金融政策I第7週 金融政策II第8週 物価と金融政策I第9週 物価と金融政策II第10週 資金循環,経済学の基礎的な科目を履修済みであること。,期末試験(対面)。評価は評語による。,毎回の復習をよく行うこと。,指定しない。,授業中に指示する。,,,,金融、金融政策
16,金融リスク管理論,FH26051,2.0 単位,2 - 4 年次,"秋AB 月5,6",折原 正訓,企業金融(コーポレートファイナンス)を学ぶ。具体的には、企業の資金調達、投資決定、投資家還元、企業統治の繋がりを体系的に議論する。,社会経済システム,講義,批判的・創造的思考力、データ・情報リテラシー、広い視野と国際性、社会システムの基礎的理解と洞察力、複雑な社会問題解決のための数学・統計学・情報技術,日本経済新聞などのニュースメディアは、企業の意思決定やそのインセンティブに影響し得る公共政策を毎日報道している。企業はなぜその意思決定をそのタイミングで行ったのか?公共政策は企業行動を変えるか?こうした問題を理解するためには、企業金融(コーポレートファイナンス)論の体系的知識が必須である。本講義の目的は、企業金論の視点からこうした経済ニュースを体系的に理解・分析できるようになることである。,"基本的にオンデマンド形式の講義の予定。講義の主軸は理論である。他の経済・金融・ファイナンス理論の講義に比べて、理論モデルの背後にある論理や現実的重要性、およびモデルから得られる結果の解釈や含意を重視する。また、最先端の学術論文を通じて明らかになった実証・データ分析の結果も紹介する。加えて、日本経済新聞の記事などを用いて個別企業の意思決定に関する最近の実例も多数紹介する。第1週 企業金融論は日々の経済ニュースを理解する上で必須の知識である。過去1週日本経済新聞の記事に限定してもこの点が読み取れることを説明する。また、企業金融論の全体像を説明する。すなわち、企業の資金調達、企業の投資決定、投資家への資金還元、企業統治を一連の流れとして体系的に把握する。加えて、健全な企業金融機能は社会に価値をもたらすことを明らかにする。機能不全を起こす状況が学術的にも政策的にも重要な分析対象である。具体的には、資金調達制約 (Financial Coび企業統治 (Corporate Governance) が論点となる。第2週 企業金融論を作り上げたのはフランコ・モディリアーニとマートン・ミラーでる。1950年代のことであった。彼らは同時に企業金融論の発展を止めた。彼らによば、資金調達と配当は企業価値に影響しない。したがって、(投資決定以外で)企業金論を学ぶ意味はない。Tirole (2005) の2.2節のモデルを用いて彼らまた、企業の目的はあくまで企業価値最大化であるべき根拠を説明する(Jensen“Value Maximization, Stakeholder TheoryFunction,” Journal of Applied Corporate者の便益も考慮すべきという発想が再度台頭してきている。ESG (EnvironGovernance) などが最近のキーワードである。その論拠も紹介する。また想を支持する代表的な研究を紹介する(Lins, Servaes, & TamaCapital, Trust, and Firm Performance: TResponsibility during the Financial Cri第3週 企業金融論を再生させたのは契約理論である。契約理論では、投資家と経営者の利害対立や情報の非対称性が前提とされている。この前提を踏まえると、企業金融上の意思決定が企業価値に影響し得る。Tiroleの3.2節に基づき信用割当(CrRationing)の理論を紹介する。契約理論のテーマの1つであるモラルハザーる。モデル分析の結果、余裕資金がなければ企業は追加的な資金調達できないことを示す。資金調達制約の一例である。企業金融機能の欠陥を示す重要なモデルである。このモデルは複数の含意をもたらす。たとえば、企業が保有する1円の価値が1円を超える能性が理論的に明らかになる。Pinkowitz & Williamson, 2Value of a Dollar of Corporate Cash?,”基づき米国上場企業の現金の価値に関する実証研究の成果を紹介する。また、このモデルは企業の利益と設備投資との関係にも含意をもたらす。しばしば指摘される「利益を上げている企業は投資をすべき」という主張は理論的に誤りである。Fazzari,& Petersen, 1988, “Financing ConstraintPapers on Economic Activityに基づく。第4週 負債契約の理論的特徴を説明する。第1に、負債は経営の規律付けの点で株式も望ましい側面を持つ。第2に、企業の精算価値を考慮すると負債契約の方が株式契約りも望ましい。Tiroleの3.2.4節に基づく。第3に、特許を担保に負債調達米国で増えている (Mann, 2018, “Creditor RightsPatent Collateral,” Journal of Financiaのいくつかは現実には必ずしも成立していない。Tiroleの3.3節の過剰債務Overhang) と再交渉モデル、およびRoberts & Sufi (20Financial Contracts: Evidence from PrivFinancial Economics) を通じて現実の負債契約のあり方を理解(Liquidity Management) を扱う。Tiroleの5.2節に導出する。企業が十分な現金を保有しない場合、社会的に望ましい投資が行われなくなってしまうことが明らかになる。すなわち、現金保有は経済ショックに対する保険として機能する。第5週 中間試験第6週 非対称情報を扱う。投資家は経営者の能力や特性を必ずしも知っているわけでない。非対称情報と呼ばれる状況である。契約理論の対象の1つである。Tirole節に基づいて、投資家と経営者間の情報の非対称性は優れた経営者からそうでない経営者への実質的な資金移転を引き起こすことを理論的に示す。非対称情報の程度が大きい場合、企業金融市場が崩壊する。非対称情報の応用例として、企業の株式調達のタイミングを扱うマーケットタイミング理論を取り上げる。Tiroleの6.2.2節に基第7週 株式調達と株価との関係を理論的に明らかにする。経営能力の低い経営者ほど式を発行する傾向があることを示す。非対称情報の帰結である。企業は投資家から調達した資金で価値を創造し、その一部を投資家に還元する。債権者への還元額と時期は負債契約の一部として事前に定められている。したがって、事後的な再交渉を除けば経営者に裁量の余地はない。他方、配当や自社株買いを通じた株主への還元に関しては経営者に戦略的意思決定の余地が大いに残っている。Tiroleの6.2.2節に基づきグ理論などの仮説を紹介する。また、情報の非対称性が存在する場合には株主還元が企業価値に影響することを理論的・実証的に示す。非対称情報の別の応用例として、企業の資金調達に関する順序付けを与えるペッキングオーダー理論も取り上げる。第8週 経営モニタリング・監視は近年の経済政策のキーワードである。受動的モニタングや情報開示によって企業の資金調達が円滑化することを示す。Tirole 8.く。ストックオプションと株式報酬の相違も扱う。金融市場の活性化は企業および社会全体にとって望ましいか。企業への資金提供や経営監視に関心のない投資家が増えるので望ましくないという意見もある。妥当であろうか?Tiroleの8.3節に基づき",,,,,,,,,
17,計量時系列分析,FH26061,2.0 単位,2 - 4 年次,"春AB 火3,4",三崎 広海,実証分析で使用する時系列解析の諸手法を概説すると共に、統計ソフトウェアを用いたデータ解析を通じて具体的な適用方法を習得する。,社会経済システム,講義,批判的・創造的思考力、データ・情報リテラシー、広い視野と国際性、社会システムの基礎的理解と洞察力、複雑な社会問題解決のための数学・統計学・情報技術,標準的な時系列モデル(ARIMAモデル)を活用する際に必要となるモデルの同定、び、それを用いた予測方法を習得する。,第1回 時系列分析の基礎第2回 時系列データ生成と各種統計量の計算第3回 定常時系列第4回 AR過程の性質第5回 MA過程/ARMA過程の性質第6回 モデルの推定第7回 モデルの選択と予測(1)第8回 モデルの選択と予測(2)第9回 単位根過程と見せかけの回帰第10回 ファイナンスへの応用,統計学などの数学系基礎科目の知識を前提とする。また、データ分析に必要な統計ソフトウェアを活用できることが望ましい。,レポート(70%)および期末試験(30%)の評点に基づいて評価する。,講義中に指示する。,1. 沖本竜義『経済・ファイナンスデータの計量時系列分析』朝倉書店他、講義で適宜指示する。,メールでアポイントメントを取ること。misaki.hiroumi.gn at u.tsukuba.ac.jp,manaba を確認すること。,,,
18,日本経済論,FH26071,2.0 単位,2 - 4 年次,夏季休業中 集中,高安 雄一,様々な経済指標を通じて日本経済の現状および課題について理解を深める。,社会経済システム,講義,,様々な経済指標を通じて日本経済の現状および課題について理解を深める。,日本経済の問題について論点にしたがって講義を行う。第1回 重要な経済指標(国内総生産、完全失業率、物価上昇率)第2回 危機的な財政状況第3回 為替レートと経常収支第4回 日本の経済成長率の推移とその背景第5回 失業率上昇とその背景第6回 物価変動とデフレ問題第7回 アベノミックスと財政政策・金融政策第8回 足下の景気を読み取る方法(生産、消費)第9回 足下の景気を読み取る方法(設備投資、輸出)第10回 足下の景気を読み取る方法(公共投資、政府消費),なし,"対面実施の可能性により、対面の場合は、各回の授業の小テスト、および、レポート(テスト:レポート=50%:50%)。オンライン実施の場合は小テスト100%。評価は評語(A+, A, B, C,",授業スライドはその日のうちにできるだけ復習すること。受講者の理解度に応じ、授業中に指示するもある。,高安雄一「やってみよう景気判断-指標でよみとく日本経済」学文社,,"ニュースで日本経済について論じられない日はない。日本社会を担っていく皆さんにはニュースの裏側にある日本経済の課題・問題点を正しく理解し, 対応していく力が必です。特に経済をみるには複眼的視点が不可欠です。複眼的な視点で経済社会を捉えることの重要性を理解してもらえるよう、この授業が一助になることを希望しています。",,,日本経済、景気、為替
19,公共システム演習,FH27012,2.0 単位,2 - 4 年次,"秋AB 火5,6",作道 真理,公共経済学分野の実証研究でよく用いられる手法を学び、社会経済的な現象を実際のデータおよびコンピュータを用いて分析する。,社会経済システム,演習,[批判的・創造的思考力」、「複雑な社会問題解決のための数学・統計学・情報技術、課題探求能力」に関連する,公共経済学的なテーマについて、経済学的観点からデータを分析し考察するスキルを身につける。,(1) 非線形モデル1(2) 非線形モデル2(3) 非線形モデル3(4) サンプリングの課題(5) モデルとデータ分析1(6) モデルとデータ分析2(7) モデルとデータ分析3(8) 発展1(9) 発展2(10) まとめ,統計学、計量経済学,課題(50%)・プレゼンテーション(50%)。,復習は必ずすること,授業で適宜指示する.,メールでアポイントを取ること,,,,公共経済学
20,国際金融論,FH27031,2.0 単位,2 - 4 年次,"春AB 木3,4",Tran Lam Anh Duong,本授業では、国際金融の理解に不可欠な基本知識である国民経済計算や国際収支会計などをはじめに学習し、その上で分析の鍵となる為替市場と金融市場との関係について学習する。そして短期・長期の為替レートの決定要因、国際金融と財政・金融政策の相互作用のメカニズムについて理解を深める。,社会経済システム,講義,批判的・創造的思考力、広い視野と国際性、社会システムの基礎的理解と洞察力、グローバル課題の分析能力、社会的要請への対応力、,国際金融の基本知識を十分に理解し、講義で扱われる概念を用いて現実の経済問題に対して経済学的な観点から説明することができるようになることが本授業の目標である。,オンデマンド型の講義。(1) 国民経済計算と国際収支会計(2) 貨幣市場(3) 為替レート(4) 金利と外国為替市場(5) 購買力平価(6) 為替レートと開放マクロ経済政策(1)(7) 為替レートと開放マクロ経済政策(2)(8) 為替政策:為替相場制度と為替介入(9) 国際金融システム(10) 経済統合、通貨同盟、基軸通貨,マクロ経済学及びミクロ経済学に相当する科目を履修済みであること。履修済みでない場合は同様の内容について学習済みであること。,復習クイズ(数回 - manaba経由で実施)20%期末試験(資料・ノート等の持ち込み不可)80%,授業毎に復習を十分に行うこと。,特に指定しない。単元ごとに資料を配布する。,講義初日に発表,,,,"為替レート, 国際金融, 財政・金融政策"
21,公共経済学,FH27051,2.0 単位,2 - 4 年次,夏季休業中 集中,岸下 大樹,"環境問題・公共財の過小供給や格差・不平等の存在といった市場の機能不全に対処するには,政府による適切な介入が必要となる.どのような政策介入をすべきかを考える学問である公共経済学の主要トピックについて理論と実証の両面から学習する.",社会経済システム,講義,・批判的・創造的思考力・広い視野と国際性・社会システムの基礎的理解と洞察力・グローバル課題の分析能力・社会的要請への対応力,・数理的かつ直観的な経済学的思考を用いて、現実の社会・経済問題や公共政策の課題に対し、現状の原因は何でどのような対応策が考えられるかということについてオリジナルの答えを導き出せるようにすること。,第1回 イントロダクションとミクロ経済学の復習第2回 外部性と公共財 I第3回 外部性と公共財 II第4回 格差と不平等 I第5回 格差と不平等 II第6回 課税 I第7回 課税 II第8回 課税 III第9回 課税 IV第10回 まとめと演習,ミクロ経済学、微積分を既に履修済みで、それらの基礎概念を十分理解していることを前提とする。,持ち帰り式の試験により評価。複数人で相談しても構わないが、解答は各自で作成し提出するよう求める。,講義中に指示する。,"1.林正義・小川光 ・別所俊一郎『公共経済学』有斐閣アルマ2.須賀晃一編『公共経済学講義』有斐閣3.Jean Hindriks, Gareth D. Myles (201MIT Press.",,・本講義は第1回から第8回まではオンデマンド形式で行います。一度にまとめて動画観ようとは思わず、こまめに動画を確認してください。・第9回と第10回の講義は対面で行います。,,,ミクロ経済学、外部性、公共財、所得再分配、課税と給付
22,財政学,FH27061,2.0 単位,2 - 4 年次,夏季休業中 集中,釣 雅雄,財政制度、政府支出、租税、財政赤字と政府債務、社会保障、財政政策といった「財政学」の基本テーマについて、理論と制度の両面から講義する。,社会経済システム,講義,批判的・創造的思考力、広い視野と国際性、社会システムの基礎的理解と洞察力、グローバル課題の分析能力、社会的要請への対応力,新聞やテレビニュースなどで報道されている現代日本における財政問題を理解できるようになる。政府の役割について財政面から理解できるようになる。,第1回 財政の役割第2回 日本の財政制度第3回 政府の役割と財政I:市場の失敗第4回 政府の役割と財政II:公共財第5回 租税の理論、日本の税制第6回 財政赤字と政府債務I第7回 財政赤字と政府債務II第8回 社会保障の財政問題第9回 財政政策I第10回 財政政策II,経済学の基礎的内容を理解していることが望ましい。,期末試験:30%、授業中に行う小問題(複数):70%評語A+̃Dの基準は大学の規定に準ずる。,毎回の授業内容を復習し、専門用語の意味等を理解しておくこと。,釣雅雄・宮崎智視(2009)『グラフィック財政学』新世社.,外部講師による集中講義のため、オフィスアワーは設けない。,,,,"財政, 税, 政府の役割, 財政政策"
23,マクロ経済学,FH27081,2.0 単位,2 - 4 年次,"秋AB 火1,2","大久保 正勝, Tran Lam Anh Duong",国内総生産、利子率、成長率などが一国経済の中でどのように決定されるかを考える。また、政府や中央銀行が実施する財政・金融政策がどのように経済活動に影響するかを議論する。,社会経済システム,講義,批判的・創造的思考力、広い視野と国際性、社会システムの基礎的理解と洞察力、グローバル課題の分析能力,マクロ経済学の基礎的な概念やモデルを理解し、経済成長の源泉、景気循環の見方、財政金融政策の基本的な役割について説明できるようになる。,前半5回をDuong、後半5回を大久保が担当する。第1回 マクロ経済学における基本概念第2回 総供給・生産のモデル第3回 総需要・消費の決定・投資の決定第4回 経済成長モデル:ソロー・スワンモデル第5回 内生的成長モデル: ローマ―・モデル第6回 財市場: GDPの決定、乗数理論、財政政策第7回 金融市場: 貨幣と債券、利子率の決定、金融政策第8回 IS-LMモデル第9回 IS-LMモデルとAD曲線、労働市場第10回 AS-ADモデル、まとめ,ミクロ経済学を履修済みであること。,前半(50%)と後半(50%)により評価する。評語A+̃Dは大学の規定に準ずる前半:中間試験(資料・ノート等の持ち込み不可)後半:期末試験(資料・ノート等の持ち込み不可),毎回の授業内容を復習し、専門用語の意味等を理解しておくこと。事後学習用に課す練習問題を各自で解くこと。,教科書は指定しない。単元ごとに資料を配布する。,前半5週(Duong): 授業において指示する。後半5週(大久保): 授業において指示する。,マクロ経済学の基礎理論の解説に重点を置くため、時事問題は扱わない。,,TA配置有り(1人),"経済成長, 景気循環, 財政政策, 金融政策"
24,ネットワーク科学,FH27091,2.0 単位,2 - 4 年次,"秋AB 月1,2",佐野 幸恵,社会現象から自然現象まで、あらゆるところに存在する「関係性」を数理的に扱うネットワーク科学を学ぶ。講義では具体例を交えながらPythonを使った実習も行う。,社会経済システム,講義,批判的・創造的思考力、データ・情報リテラシー、広い視野と国際性、複雑な社会問題解決のための数学・統計学・情報技術、グローバル課題の分析能力、課題探求能力,ノードとリンクから構成されるネットワークについて、その定義や分析方法の数理的基礎を習得する。また、Pythonを使った簡単なネットワーク分析ができるようにな,ネットワーク科学の数理的基礎を理解することを目的とする。授業時間では前半は講義、後半はPythonを使った実習を行う。第1回 ネットワーク科学とは何か第2回 ネットワークの基礎知識第3回 スモールワールドネットワーク第4回 ハブと中心性指標第5回 リンクの向きと重み第6回 ここまでのまとめ第7回 ネットワークモデル第8回 コミュニティ第9回 ネットワーク上のダイナミクス第10回 まとめ,"Pythonを使った実習を行うため、プログラミング入門A, Bを履修済みであるしい。",途中課題(40%)と期末試験(60%)で決定する。,授業スライドはその日のうちにできるだけ復習すること。Pythonの実習内容は、次の授業時間までに仕上げておくこと。,"講義の内容は以下の教科書に沿って行う。1. F. Menczer, S. Fortunato, and C.A. D",初回の授業でアナウンスする。sano at sk.tsukuba.ac.jpinfoshako.sk.tsukuba.ac.jp/̃sano/,自身のPC等でPythonの実習環境を確保できることが望ましい。,,TA配置あり(1名),ネットワーク分析、中心性指標、コミュニティ、拡散現象
25,戦略行動システム演習,FH24012,2.0 単位,2 - 4 年次,"春AB 火1,2",上市 秀雄,統計分析用プログラムSPSSを利用した統計処理の基本概念と方法を演習を通して習る。,社会経済システム,演習,汎用コンピテンス:データ・情報リテラシー、批判的・創造的思考、協調性・主体性・自律性、コミュニケーション能力専門コンピテンス:複雑な社会問題解決のための数学・統計学・情報技術、課題探求力、コミュニケーション・スキル,基本的な統計分析手法についての理解を深めるとともに、SPSSを利用した実践的なタ解析手法を習得する。具体的には、自ら仮設を立案し、その仮説検証に必要なデータの収集、適切なデータ解析手法の選択、分析結果の解釈・考察という研究能力、および得られた成果を適切にまとめ、わかりやすくプレゼンテーションするための技術を習得する。さらに様々な問題に対する応用力も習得する。,それぞれの統計分析手法について講義し、その分析手法についてSPSSでの分析の仕ついて説明する。それらを理解させたうえで、各人の興味のあるテーマと関連したデータの収集・解析をさせ、得られた結果をプレゼンテーションさせる。第1回 イントロダクション:SPSSの使い方。基礎統計量と区間推定第2回 t検定第3回 一元配置分散分析第4回 二元配置分散分析第5回 重回帰分析第6回 判別分析第7回 クラスター分析第8回 因子分析第9回 プレゼンテーションの技術・方法。プレゼンテーションのための準備第10回 プレゼンテーション,コンピュータ・ライセンスの制約により、履修可能な学生数は最大で40数名である。希望者数が多い場合には、第1週に抽選をする可能性もあるので、必ず遅刻せずに出席ること。,毎回出席を取り、レポートを課す。最終課題としてプレゼンテーション(および最終レポート)を課す。成績評価は、授業への参加態度+毎回の課題レポートで60%(提出期限は次回授業開で)、プレゼンテーション+最終レポートで40%により評価する。上記項目の合計で90点以上 A+80点以上~90点未満 A70点以上~80点未満 B60点以上~70点未満 C60点未満 Dとする。なお特段の事情が無く3回以上欠席すると単位が認定されないので注意すること(遅刻1/2欠席となる)。,受講者の理解度に応じ、授業中に指示する。毎回必要な資料を配布する。授業内容は、実際の進行状況によって適宜変更を加える場合がある。復習を兼ねて、毎回講義内容にそったレポートを課す。事前に下記の参考図書を読んでおくとよい。,"毎回資料を配布するので、指定教科書はない授業の内容は概ね以下の書籍を参考にしている1. 石村光資郎 著、 石村貞夫 監修,SPSSによる統計処理の手順 第9版",メールで連絡すること (ueichi at sk.tsukuba.ac.jp),本講義の内容は、複雑な社会現象を解明するために必要不可欠な基本的な統計手法および調査・実験計画法です。よって十分理解したうえで、自分自身で仮説を検証するための総合的な能力を習得してもらいたいと思います。授業には、積極的、自発的、自立的に参加してもらいたいと思います。,,,"データ解析, 質問紙法, 実験計画法, プレゼンテーション"
26,ゲーム論,FH24021,2.0 単位,2 - 4 年次,"秋AB 水1,2",澤 亮治,この講義では、社会を複数の利己的なエージェントから成るシステムと考え、複数の人の意思決定が関わる状況を分析するための数学的及び数理的基礎を学ぶ。,社会経済システム,講義,コミュニケーション能力、批判的・創造的思考力、社会システムの基礎的理解と洞察力、複雑な社会問題解決のための数学・統計学・情報技術,ゲーム理論は、複数のエージェント(人、企業、国家)が相互作用をしあうシステムを析するツールとして、経済学及び様々な社会科学で広く応用されている。この講義では、複数の利己的なエージェントから成るシステムを分析するための数学的および数理的基礎を習得する。また、ゲーム理論の基本的な概念の理解およびゲーム理論による経済・社会現象の説明が可能となる。,ゲーム理論の基礎を理解することを目的とする。具体的には、複数のエージェント(人企業、国家)が相互作用をしあうシステムをどう数理的なモデルで表すかを理解し、まナッシュ均衡・サブゲーム完全均衡・ベイズ均衡といったシステムで起こり得る結果を予測するための概念を理解することを目的とする。第1回 ゲーム理論とは何か(1章) 戦略形ゲームとナッシュ均衡(2章)- 司法取引とゲーム理論の関係とは? -第2回 完全情報の展開形ゲーム(3章)- なぜ三国鼎立戦略はうまくいく? -第3回 戦略形ゲームの応用(4章)- そんなの一択だろ! -第4回 不完全競争市場への応用(5章)第5回 混合戦略(6章)- なぜ沢北とのマッチアップで流川はパスを選んだか? -第6回 一般の展開形ゲーム(7章)- 三橋・伊藤の今日からツッパリ戦略 -第7回 繰り返しゲーム(8章) 不確実性とゲーム理論(9章)- やられたらやり返す。倍返しだ! -第8回 不完備情報の戦略形ゲーム(10章)- 打者と投手の初対決はなぜ投手有利?-第9回 不完備情報の展開形ゲーム(11章)- シグナリング: 大学の価値は教育かそれとも。。? -第10回 不完備情報の展開形ゲーム(11章応用編)- 群衆行動: なぜ会議ではヒラ社員から発言すべき? -第11回 期末試験,前提条件は特になし。ただし、一部の内容は微分の知識が必要。,提出課題の成績及び期末試験で決定する。重みは前者が約3割、後者が約7割とする。ただし、重みは変更の可能性がある。成績不良者の救済は一切行わない。,事前に各講義で説明する章を学習しておくことが望ましい。,"講義の内容は以下の教科書に沿っている。宿題の一部も教科書より出題する。1. (教科書)渡辺隆裕,「ゼミナール ゲーム理論入門」日本経済新聞出版社2. (参考文献) 浅古 泰史, 図斎 大, 森谷 文利,「活かすゲーム理論」",メールによるアポイントメントで対応,以下には対応しておりませんためご注意ください。. 履修申請期間以降の履修取り消し(履修の取り消しは履修申請期間中にTWINSうにしてください。)ただし、担当教員の承認なしで取り消しができるケースについてはこの限りではありません。. 成績の早期開示(TWINSで公表されている成績参照開始日までお待ちください,,,戦略形ゲーム、ナッシュ均衡、展開形ゲーム、情報の非対称性
27,意思決定論,FH24031,2.0 単位,2 - 4 年次,夏季休業中 集中,"藤井 陽一朗, 上市 秀雄",効用モデル、リスク態度、トレード・オフなどの習得を通して、リスク下でののぞましい意思決定について学習する。さらに、社会・経済問題における代表的な対応策である保険を通して、リスク・マネジメントの手法について学習する。,社会経済システム,講義,汎用コンピテンス:批判的・創造的思考力、広い視野と国際性、データ・情報リテラシー専門コンピテンス:社会システムの基礎的理解と洞察力、社会的要請への対応力、複雑な社会問題解決のための数学・統計学・情報技術,リスク下でののぞましい意思決定について、その代表的な対応策である保険を通して、リスク・マネジメントの手法について習熟することを目標とする。,個人や家計における保険需要を通して、将来のリスクにいかに備えるかを学習する。第1回 序論、保険の基礎第2回 保険の概要とリスクの記述第3回 リスク下での選好第4回 個人の選好表現第5回 期待効用理論第6回 リスクの対する態度と個人間比較第7回 意思決定問題の定式化第8回 最適化と比較静学第9回 保険の代替行動第10回 アノマリーと他の選好表現,1年開講の微積分と統計の単位を取得していることが強く望まれる。,中間テスト(50%)と期末テスト(50%)により評価する。状況に応じて中間テストと期末テストは、中間レポートと期末レポートにそれぞれ置換える場合がある。90点以上A +80点以上90点未満A70点以上80点未満B60点以上70点未満C60点未満D,各回の講義に対応するクイズを入念に解いておくこと。,教材等の資料はすべてmanabaから各自でダウンロードしてください。,,この講義に積極的に参加することを望みます。,,,選好、期待効用理論、保険需要
28,進化ゲーム論,FH24044,2.0 単位,2 - 4 年次,"春AB 月5,6",秋山 英三,"社会科学に大きな影響を与えたダーウィン進化論と学習理論を概観し,進化ゲーム論の歩を学ぶ。人間の進化・学習(適応)が身近な社会現象を生み出すメカニズムを,具体通して追求する。",社会経済システム,講義及び演習,批判的・創造的思考力、データ・情報リテラシー、社会システムの基礎的理解と洞察力、複雑な社会問題解決のための数学・統計学・情報技術,●社会科学に大きな影響を与えた進化論と学習理論の基礎的知識と考え方を身につける。●ゲーム理論の基礎を身につける。基本的な解概念を修得し、具体例に関して計算できるようになる。●進化論とゲーム理論の考え方を踏まえた上で、進化ゲーム理論の考え方を修得する。●進化的安定戦略を計算できるようになる。●合理的主体を仮定したゲーム理論の帰結と進化・学習を前提とした進化ゲームの帰結の間の関係を理解する。●レプリケータ・ダイナミクスを理解し、社会集団における進化・学習の時間構造を理解する。●現在の社会問題を、人間行動の進化の視点から数理的に分析するスキルを修得する。●非線形動学、および、計算機シミュレーションの基礎をみにつけ、複雑な社会現象を数理的に理解する。,社会科学に大きな影響を与えたダーウィン進化論と学習理論を概観し、進化ゲーム論の初歩を学ぶ。社会における人間の行動様式の進化的起源について数理的な理解を行う。ミクロ(個人)レベルで行われる学習・進化がマクロレベル(社会)の現象を生み出すニズムを、様々な視点から追求する。第1回 進化の理論と人間社会1第2回 進化の理論と人間社会2第3回 ゲーム理論1第4回 ゲーム理論2第5回 進化ゲーム理論1第6回 進化ゲーム理論2第7回 社会的ジレンマと(利他的)協力行動の数理1第8回 社会的ジレンマと(利他的)協力行動の数理2第9回 エージェントシミュレーションと複雑系1第10回 エージェントシミュレーションと複雑系2,なし,"試験と課題により評価する(1:1)。評価は評語(A+, A, B, C, D)にて行う。",授業内容が積み上げ式なので、授業スライドはその日のうちにできるだけ復習すること。計算問題に関しては宿題を課す。受講者の理解度に応じ、授業中に指示するもある。,資料を配付,事前にメールにてお問い合わせ下さいeizo at sk.tsukuba.ac.jphttp://infoshako.sk.tsukuba.ac.jp/̃eizo,,,,"進化論, ゲーム理論, 進化ゲーム理論, 社会シミュレーション, 複雑系"
29,経済行動論,FH24071,2.0 単位,2 - 4 年次,"春AB 金3,4",上市 秀雄,"人間の経済行動に心理学的な側面からアプローチし,経済行動の理念および経済行動に響を及ぼす各要因について概観する。",社会経済システム,講義,汎用コンピテンス:批判的・創造的思考力、データ・情報リテラシー専門コンピテンス:社会システムの基礎的理解と洞察力、社会的要請への対応力,人々の経済行動には様々な要因が相互作用しながら影響を及ぼしている。特に心理的な要因の影響を大きい。この講義では、主に心理学的アプローチに基づいた視点より、人々の経済行動を解明するために必要不可欠な基礎的・基本的知識を習得する。具体的には、経済行動や意思決定と関連する理論(後悔理論、認知的不協和理論、多属態度モデルなど)、および経済行動に影響を及ぼす様々な要因(情報処理機能、認知バアス、記憶、社会的要因など)の影響を理解する。さらに身近な問題のみならず社会的な問題に対しても応用できる能力を習得する。,経済行動論では、人はどのように決定しているのか(記述的意思決定論)、どのように定すべきなのか(規範的意思決定)、そしてどのような要因が人々の経済行動に影響すのかについて心理学的な視点より講義する。第1回 ガイダンス、消費者行動第2回 消費者の情報処理過程第3回 知覚とマーケティング戦略第4回 消費者の知識と記憶1第5回 消費者の知識と記憶2第6回 消費者の学習第7回 消費者の動機付け第8回 消費者の態度形成と変容第9回 リスク認知とバイアス第10回 後悔を活かす心理学,受講者が多い場合には、社会工学類の学生を優先する。,毎回の小テスト20点、期末試験80点、合計100点で評価する。期末試験では、配の持込は不可。90点以上A +80点以上90点未満A70点以上80点未満B60点以上70点未満C60点未満D,受講者の理解度に応じ、授業中に指示する。授業内容は、実際の進行状況によって適宜変更を加える場合がある。次回授業までに前回講義の内容を復習し、理解しておくこと。事前に下記の参考図書を読んでおくとよい。,"毎回資料を配布し、それに沿って講義を行うため、指定教科書はない。講義内容は以下の書籍を参考にしている。1. 上市秀雄,後悔を活かす心理学 中公新書2. 杉本徹雄 編著,消費者理解のための心理学 福村出版3. 菊池聡・谷口高士・宮元博章 編著,不思議現象なぜ信じるのか 北大路書房4. 吉川肇子 編著,健康リスク・コミュニケーションの手引き ナカニシヤ出版",メールで連絡すること (ueichi at sk.tsukuba.ac.jp),本講義の内容は、消費者行動のみならず、様々な場面での人間の心理や行動を解明するために必要となる基本的な知識である。よって講義内容を十分に理解するとともに、自ら現実の問題に当てはめて考えることができるようになることを望みます。,,,"意思決定, 認知心理学, 社会心理学, 感情, リスク認知"
30,ミクロ経済学,FH24101,2.0 単位,2 - 4 年次,"春AB 火5,6",阿武 秀和,完全競争市場における資源配分に関する講義を行う。,社会経済システム,講義,"批判的・創造的思考力, 広い視野と国際性, 社会システムの基礎的理解と洞察力,な社会問題解決のための数学・統計学・情報技術",ミクロ経済理論の基礎的な内容を講義します。消費者と生産者が出会い、取引を行う場を市場と呼びますが、1、市場を科学的な方法(数学)を用いて記述すること2、市場均衡において何が起るのかを理解することの2点が本講義の主な目的です。より具体的には、そもそも消費者や生産者は何を目的どのように市場で行動するのか(需要関数と供給関数の導出)、理想的な条件のもとで争均衡配分は効率的であること(厚生経済学の基本定理)を理解することを目標にします。,第1回 ガイダンス、財について第2回 部分均衡分析:需要曲線と供給曲線第3回 部分均衡分析:需要の価格弾力性第4回 部分均衡分析:市場均衡第5回 部分均衡分析:余剰分析第6回 一般均衡理論(消費者の理論):効用関数、無差別曲線、限界代替率第7回 一般均衡理論(消費者の理論):予算制約、最適消費選択、マーシャルの需要第8回 一般均衡理論(消費者の理論):所得効果、正常財と劣等財、需要法則とギッ財、粗代替財と粗補完財第9回 一般均衡理論(消費者の理論):代替効果、スルツキー分解第10回 一般均衡理論(消費者の理論):補償変分と等価変分第11回 一般均衡理論(消費者の理論):ワルラスの消費者理論、労働供給第12回 一般均衡理論(消費者の理論):競争均衡の見つけ方第13回 一般均衡理論(消費者の理論):エッジワース・ボックス、純粋交換経済に厚生経済学の基本定理第14回 一般均衡理論(生産者の理論):生産関数、等産出量曲線、技術的限界代替第15回 一般均衡理論(生産者の理論):資本の価格、等費用線、費用最小化と長期最大化行動、長期の供給曲線第16回 一般均衡理論(生産者の理論):短期の費用関数(セットアップ・コストが合)第17回 一般均衡理論(生産者の理論):短期の費用関数(セットアップ・コストが合)、各種の費用概念第18回 一般均衡理論(生産者の理論):損益分岐点と操業停止点第19回 一般均衡理論(生産者の理論):短期の供給曲線第20回 一般均衡理論:代表的個人モデルにおける競争均衡,高校卒業程度の数学力が身についていることを前提として講義します。特に、多項式関数の導関数の求め方、微分積分法の基本定理を用いて定積分(時々、広義積分)を計算る力が身についていることを期待しています。,中間(40%)および期末テスト(60%)の得点のみによって成績をつけます。,準備学習:テキストの該当箇所に目を通して授業に臨んでください。事後学習:毎回授業後にその日のスライドをManabaにアップロードします。授業た計算や、提示したグラフを自分自身で再構成できるように練習してみてください。同時に、演習問題と模範解答をアップロードしますので試験前までに解いておいてください。,教科書風に記述された文書のpdfファイルをManabaにアップロードします。各て利用してください。,随時。メールでアポイントメントを取って下さい。anno.hidekazu.fp at u.tsukuba.ac.jp,,,,消費者、生産者、競争均衡、厚生経済学の基本定理
31,実証ミクロ経済学,FH24111,2.0 単位,2 - 4 年次,"秋AB 金5,6",作道 真理,ミクロ的な実証分析、及び、政策評価に必要となる技術習得を目標とする。,社会経済システム,講義,「批判的・創造的思考力」「複雑な社会問題解決のための数学・統計学・情報技術」と関連する,ミクロ的実証分析で用いられる手法を習得する。,(1) 計量分析の基礎1(2) 計量分析の基礎2(3) 計量分析の基礎3(4) クロスセクション1(5) クロスセクション2(6) クロスセクション3(7) 発展的手法1(8) 発展的手法2(9) 発展的手法3(10) まとめ,統計学、計量経済学,課題レポート50%、プレゼンテーション50%,課題に取り組むこと,"J.M. Wooldridge, ""Introductory Economet授業で指示する",アポイントメントをとること,,,,計量経済学
32,社会経済特別講義I(社会経済データ分析入門),FH25011,1.0 単位,2 - 4 年次,夏季休業中 集中,坂地 泰紀,社会経済分野の先端的かつ専門的な講義を行う。,社会経済システム,講義,批判的・創造的思考力、社会システムの基礎的理解と洞察力,エージェントベースのコンピュータ・シミュレーションで、様々な社会現象を紐解く分野を「人工社会」といいます。本講義では、代表的な人工社会モデル、マルチエージェントモデルのいくつか(シェリグの分居モデル、Sugarscapeモデルなど)を、実際のデモンストレーションし、遺伝的アルゴリズムを用いた外国為替市場のマルチエージェントモデルなど、いくつかの興味深い研究成果に関する知見の取得を目指します。,社会経済分野の先端的かつ専門的な講義を行う。第1回 基本用語の説明第2回 人工社会研究の紹介第3回 組織はなぜできるのか? ・・・群れ行動、適応的な組織第4回 社会の動きを調べる ・・・住み分け、民族対立第5回 人工社会を作ってみよう ・・・シミュレータを使ったプログラミング(2コ分)第6回 人間の歴史を再現する ・・・砂糖社会、インディアン部族第7回 現実の問題に適用する ・・・テーマパークの混雑、テレビの視聴、自然災害第8回 金融市場のシミュレーション ・・・人工市場(2コマ分),特になし,"レポートにより評価する成績評価は評語(A+, A, B, C, D)にて行う。",授業スライドはその日のうちにできるだけ復習すること。受講者の理解度に応じ、授業中に指示するもある。,資料を配付,担当教員にお問い合わせください,和泉氏は、人工社会、マルチエージェントシミュレーション、経済テキストマイニング、移動データ解析等の分野の最前線で活躍している研究者です。興味のある方の参加を歓迎します。,,,複雑系、データ分析
33,社会経済特別講義II(入門複雑系経済学),FH25021,1.0 単位,2 - 4 年次,春C 集中,花木 伸行,社会経済分野の先端的かつ専門的な講義を行う。,社会経済システム,講義,批判的・創造的思考力、社会システムの基礎的理解と洞察力,社会・経済現象を複雑適応系として捉え分析することで、どのような新しい知見を得ることが可能になるかを理解する。また、その際に用いる分析手法であるエージェントシミュレーション、被験者実験を実際に体験することを通じて、社会・経済システムを分析する際の新しい視点と手法を身につける。,参加型の授業です。授業中に実施する実験や、グループ討議には積極的に参加してください。1) なぜ複雑系アプローチなのか2) NetLogo入門3) 市場実験とゼロ知能エージェント4) 美人投票コンテスト:戦略的環境の効果5) 価格予想実験6) 公共財ゲームと学習モデル7) まとめの議論,経済学の基礎的な内容を理解していること。,講義内に課す複数の課題に基づいて評価する。評価は評語による。,受講者の理解度に応じ、授業中に指示する。,西野成昭・花木伸行(2021)『マルチエージェントのための行動科学 実験経済学アプローチ』コロナ社,担当教員にお問い合わせください。,開講日程、履修申請期間、受講の要件等は事前にTwins掲示板に掲示するのでよくれに従うこと。,,,複雑系、エージェントシミュレーション、被験者実験
34,社会経済特別講義III(脳と社会),FH25031,1.0 単位,2 - 4 年次,夏季休業中 集中,奥田 次郎,社会経済分野の先端的かつ専門的な講義を行う。,社会経済システム,講義,批判的・創造的思考力、社会システムの基礎的理解と洞察力,未来を予測するとき、過去の出来事を想い出すとき、私たちの脳はどのように働くのでしょうか? 将来のための意思決定、スケジューリングに記憶、学習のプロセスはどのうに関わっているのでしょうか?  本講義では、人間の身体とこころ、知覚と意識、・記憶、感情、動機付け、意思決定等に関する認知神経科学の基本的な知識を習得し、さらに、神経経済学や神経倫理学など、近年の社会神経科学の最前線の知見に触れてそれらを習得することを目的とします。,社会経済分野の先端的かつ専門的な講義を行う。第1回 脳とこころ̃ハードとソフトの多様な関係第2回 脳を測って、こころを観る ̃ 脳計測の実際(1)第3回 脳を測って、こころを観る ̃ 脳計測の実際(2)第4回 意識と注意、感覚/知覚/認知 ̃ 外界センシング第5回 身体意識と運動、計画と遂行 ̃ 行動プログラム第6回 記憶と想像 ̃ 無限なる夢幻の世界(1)第7回 記憶と想像 ̃ 無限なる夢幻の世界(2)第8回 感情と情動 ̃ 認知の土台、意思決定の舵取り第9回 報酬と動機付け、経済行動 ̃ 生きる目的第10回 道徳性と社会性 ̃ 脳科学の社会応用と倫理的問題,なし,"レポートにより評価する評価は評語(A+, A, B, C, D)にて行う。",授業スライドはその日のうちにできるだけ復習すること。受講者の理解度に応じ、授業中に指示するもある。,授業にて配布,担当教員にお問い合わせください,奥田氏は、「機能的MRI」など様々な脳計測手法を駆使して、知覚から学習・記憶、決定、言語、コミュニケーションまで幅広く研究を進めているユニークで新鋭の認知脳研究者です。興味のある方の参加を歓迎します。,,,脳科学、認知科学、社経経済
35,国際貿易論,FH25051,2.0 単位,2 - 4 年次,"春AB 木1,2",内藤 久裕,"As the economy becomes more globalized,basic mechanism of international tradecourse, we first study the concept of ccountries will be engaged in internatiowelfare by using several models. (The RFactor Model). Then, we study the monopinternational trade theory.  In additiointernational factor movement such as iinvestment.",社会経済システム,講義,"1. General-propose competence: criticalinformation literacy, broad perspective2. Special competence: understanding inskills on international development.","To be able to understand the basic mechOhlin model, trade policy, internationainternational investment.","Trade Overview and Motivation; A simplelasticity and welfareRicardian Model 1; production possibilmaximization, and profit maximizationRicardin Model 2; Incomplete SpecializpatternRicardian Model 3;  Dornbush Fisher SaH-O model(2)ImmigrationInternational Investment and Policy IsTrade PolicyOligopoly ModelConclusions",,"Class participation( attendance, homewoFinal Examination 30%",,,Thursday 1:00PM-2:00PMnaito.hisahiro.gu at u.tsukuba.ac.jphttp://www.dpipe.tsukuba.ac.jp/̃naito/,,,,
36,産業組織論,FH25061,2.0 単位,3・4 年次,"秋AB 火4,5",篠塚 友一,"「企業と市場の経済学」について講義する。ミクロ理論とゲーム理論の分析用具を用いて,産業内の諸企業の間の関係を考察する。",社会経済システム,講義,データ情報リテラシー 広い視野と国際性 社会科学の素養 社会的事象の理解・分析会問題の解決 実社会での応用,"「企業と市場の経済学」について講義します。ミクロ理論とゲーム理論の分析用具を用いて,産業内の諸企業の間の関係を考察します。",産業組織論とは何か産業組織論とは何か消費者消費者企業:完全競争下の企業行動企業:完全競争下の企業行動企業の境界企業の境界完全競争、均衡、および効率性完全競争、均衡、および効率性市場の失敗と公共政策市場の失敗と公共政策価格差別価格差別ゲームと戦略ゲームと戦略寡占寡占共謀と価格戦争共謀と価格戦争,大学1年生レベルの微積分と中級レベルのミクロ経済学,試験100%。オンサイトで実施する予定ですが、オンサイトで実施が困難な場合にはオンライン(manaba)で実施します。,各回ごとに演習問題をmanabaにアップロードする予定です。,"教科書は使用しません。以下の書物を参考文献として利用します。Luis M.B.Introduction to Industrial OrganizationJoel Watson, Strategy, Norton.Martin J. Osborne, An Introduction to G奥野正寛・鈴村興太郎『ミクロ経済学I,II』",アポイントメントにより随時受け付けます。,大学1年生レベルの微積分と中級レベルのミクロ経済学を履修済みであること。,,,
37,マネジメント演習,FH32012,2.0 単位,2 - 4 年次,"秋AB 木3,4","岡田 幸彦, 有馬 澄佳",アクセンチュア×筑波大学による、日本初の実課題・実データによる産学連携AI開発習である。筑波大学は、“サービス工学×AI”の入門支援を行う。ウエルシア薬局株会社は、現実のPOSデータと課題提供を行う。アクセンチュアは、ビジネス・アナリクスおよびAIデザインの講義・ハンズオンを担当する。受講生は、これらの筑波大学しかない演習環境下で、ウエルシア薬局をクライアントとする経営支援AI開発と導入案を行う。,経営工学,演習,汎用:コミュニケーション能力、批判的・創造的思考力、データ・情報リテラシー、広視野と国際性、心身の健康と人間性・倫理性、協働性・主体性・自律性応用:社会システムの基礎的理解と洞察力、グローバル課題の分析能力、社会的要請へ対応力、コミュニケーション・スキル、課題探求能力,現在、企業をはじめとする組織体の管理・運営・意思決定は、ますます情報技術(IT基盤とする方向に進んでいる。経営工学主専攻マネジメントエリアのマネジメント演習では、アクセンチュアとともに数学力とIT力を現場力に結びつける総合智の育成を行い、データサイエンティスト(AIエンジニア)に必要な知識とスキルを習得すること指す。,全学の学生が受講しやすいように、端末室を拠点としたハイフレックス型(一部、オンデマンドコンテンツ有)演習とします。2020年度に締結された筑波大学とアクセンアとの包括連携協定のもと、2021年度からのマネジメント演習は、アクセンチュア波大学による産学連携AI開発演習となりました。ウエルシアHDは、AI開発演習用題と実POSデータをご提供くださいます。受講生各自のPCに対するパイソンのインル、POSデータを用いたパイソンによる基礎的な分析についての事前チュートリアルは、manabaに提示します。第1回の授業までに、各自で行っておいてください。等の関係から、下記の授業スケジュールは変更になる可能性があります。第1回 コースガイダンス授業の進め方AI・データサイエンス概論/アクセンチュア保科様ご講演ビジネスの場でのAI/データサイエンスの活用事例やトレンド課題定義ビジネスシーンにおける課題定義の手順や考え方第2回 仮説立案分析仮説の設定方法論とフレームワークデータ収集・加工・探索実ビジネスにおいて陥りがちなデータ収集・加工の罠や注意点第3回 AIデザイン演習:TRL2(コンセプトの提示)ウエルシアHD小沼様ご登壇/実課題ヒアリング分析モデル概要教師あり/なし、目的変数/説明変数代表的な教師なし手法(クラスター分析)第4回 クラスター分析のハンズオン代表的な教師あり手法(決定木分析)第5回 決定木分析のハンズオン代表的な教師あり手法(勾配ブースティング)第6回 勾配ブースティングのハンズオンAI開発演習:TRL2(コンセプトの提示)第7回 AI開発演習:TRL3(PoC; コンセプトの実証)第8回 AI開発演習:TRL3(PoC; コンセプトの実証)第9回 AI開発演習:TRL4(実用を想定した本格的なラボ実験)第10回 AI開発演習:TRL4(実用を想定した本格的なラボ実験)プレゼン準備第11回 最終プレゼン(決勝戦)第10回の後に、プレゼン資料をmanabaで提出してもらいます。それらをアクセ×筑波大学×ウエルシアで審査し、最終プレゼンの権利を勝ち取る学生を決めます。第11回の最終プレゼンは、選ばれた学生のみがプレゼンをし、各賞を競います。,大学2年生レベルの統計学の知識とデータ解析のスキルを有していること。ドラッグストア業界について、インターネット検索で手に入る情報を知っておくこと。秘密保持を厳守し、守秘義務を守ること。,"manabaによる各週の課題提出 5%×11週最終プレゼン45%(最終プレゼンの権利を勝ち取れなかった学生:最大30%、最終ンの権利を勝ち取った学生:最大45%)評価基準(A+, A, B, C又はD)注意:前半および後半のグループワークの欠席やフリーライド行為は、大きく減点します。",講義40%、演習60%第6回までは、予習に加え、授業外に週150分程度の復習および主体的な知識・スキ獲得をすること。第7回以降は、授業外に週300分程度のAI開発ワークをすること。,第6回までの講義・実習の教材は、全て、アクセンチュアが提供する。これらの著作権アクセンチュアが有し、この演習の受講生のみの利用とする。ウエルシア薬局の提供データは、この演習のみの利用とする。演習全体の参考文献等は、演習中に適宜指示する。,いつでもメールで受け付ける。,マネジメント演習は、全学の3~4年生を対象としたPBL形式の実践的な演習としたえています。学類問わず、文系の方でもAI開発の体験ができるように工夫したり、サポート体制を整えたりしています。また、マネジメント演習はアクセンチュア、ウエルシアHDの全面協力によって成り立っています。筑波大学の若者を育てるために損得抜でご協力くださる学外の先生方に対して、感謝の気持ちを忘れず、この演習だからできる固有の体験価値を主体的に生み出してください。,,,
38,産業・組織心理学,FH32021,2.0 単位,2 - 4 年次,秋C 集中,,本コースでは、ワーク・モティベーションに関する諸理論を、実際の産業組織での応用例を踏まえながら、広範囲にレヴューする。また、組織における人間の行動を活性化させたり方向づけたりする要因についての基礎的理解を深める。ワーク・デザイン、リーダーシップ・スタイル、給与システム等のキーワードの理解が鍵となる。,経営工学,講義,"批判的・創造的思考力,データ・情報リテラシー,広い視野と国際性,心身の健康と人間性・倫理性,協働性・主体性・自律性,社会システムの基礎的理解と洞察力,グローバル課題の分析能力",(1) 組織における人間行動の原因や成果に関する基礎的理解の促進(2) 組織行動研究に必要な論理的・批判的・創造的思考の習得と伸長,組織行動論分野の諸理論について広く学習する。また、これらの理論が産業職場にいかに貢献し得るかについて考察する。第1回 コースの概観 (ワークモティベーション、態度、行動)第2回 ワークモティベーション-1 (経営管理論的アプローチ)第3回 ワーク・モティベーション-2 (内容理論)第4回 ワーク・モティベーション-3 (プロセス理論)第5回 復習、及び中間テスト第6回 ワークモティベーション理論の職場への応用第7回 個人-環境間相互作用と組織行動第8回 個人‐環境間相互作用と組織行動第9回 リーダーシップとパーソナリティ第10回 復習,人間行動に関する関心、及び統計学の基礎的理解,リサーチプロジェクト (30%)、中間テスト(20%)、及び期末テスト (50,授業中に指示する.,T.B.A.,事前に連絡のこと,,,,
39,マーケティング,FH32031,2.0 単位,2 - 4 年次,夏季休業中 集中,"高橋 一樹, 勝又 壮太郎",マーケティングは、経営学の中核領域の1つであり、理論と実践が結び付いて発展してた。そこで本授業では、伝統的な理論を前半、現代的な実践を後半とし、前半を勝又(大阪大学教授、社会工学類卒)、後半を高橋(電通、社会工学類卒、博士(社会工学))が担当する。,経営工学,講義,汎用:批判的・創造的思考力、データ・情報リテラシー、広い視野と国際性応用:社会システムの基礎的理解と洞察力、複雑な社会問題解決のための数学・統計学・報技術、グローバル課題の分析能力,マーケティングの全体像と王道の理論、現代的な実践を理解し、それらの応用力を身につける。特に、これからのデジタル時代を生きる筑波大生が、スタートアップを構想する際に必須となろうマーケティングの知識を身につける。,マーケティングは、経営学の中核領域の1つであり、理論と実践が結び付いて発展してた。そこで本授業では、伝統的な理論を前半、現代的な実践を後半とし、前半を勝又(大阪大学教授、社会工学類卒)、後半を高橋(電通、社会工学類卒、博士(社会工学))が担当する。前半は、西本・勝又(2022)『マーケティング』日本評論社を書とし、受講生が各章を担当してエッセンスをプレゼンテーションするとともに、理論的な補足や議論を行う。後半は、前半に関連した現代的な事例を取り上げ、マーケティング実務のエッセンスを理解するとともに、現実の事例や課題を想定したグループワークとプレゼンテーションを行う。講義の詳細は、manabaのコースニュースに掲示第1回 マーケティングの地平、マーケティングマネジメント第2回 グループワーク第3回 環境・資源・消費者行動分析第4回 セグメンテーション、ターゲティング、ポジショニング第5回 マーケティングミックス第6回 マーケティング事例紹介1 環境・資源・消費者の分析第7回 マーケティング事例紹介2 STP・マーケティングミックス第8回 プレゼンテーションと議論第9回 プレゼンテーションと議論第10回 プレゼンテーションと議論,「会計と経営」を履修済みであることが望ましい。,"成績評価を評語(A+, A, B, C, D)で行う。内訳は、前半発表資料およション(25%)、前半まとめレポート(25%)、後半発表資料およびプレゼンテーン(25%)、後半まとめレポート(25%)。A+およびAの割合は、全履修者の4する。",,授業中に適宜指示する。1. 西本・勝又(2022)『マーケティング』日本評論社,いつでもメールで受け付ける。,この授業は、5時限分×4日の集中講義で行う予定です。8/31(土)、9/1(日(土)、9/22(日)の10:00~18:00の予定です。,,なし,"マーケティング, 理論と実践, 商学"
40,ファイナンス,FH32041,2.0 単位,2 - 4 年次,"春AB 木1,2",高野 祐一,ファイナンスに関する重要な内容(財務諸表分析、投資の意思決定法、債券と株式の評価、平均‐分散ポートフォリオ理論、資本資産評価モデル、資本コストの推定、オプション理論、リスクマネジメントなど)を幅広く取り上げて講義する。,経営工学,講義,「批判的・創造的思考力」「データ・情報リテラシー」「広い視野と国際性」「社会システムの基礎的理解と洞察力」「複雑な社会問題解決のための数学・統計学・情報技術」「グローバル課題の分析能力」,(1) 会社の構造を理解し、お金の時間価値を計算できること。(2) 財務諸表 (貸借対照表、損益計算書、キャッシュフロー計算書) の分析がと。(3) 利子率の概念を理解し、投資の意思決定法の計算ができること。(4) 資本予算の基礎を理解し、債券評価の計算ができること。(5) 株式評価の計算ができ、資本市場におけるリスクの概念を理解すること。(6) 最適ポートフォリオの概念を理解し、資本資産評価モデルの計算ができること(7) 資本コスト推定の計算ができ、投資家行動と資本市場の効率性の概念を理解すと。(8) 金融オプションの概念を理解し、実際にオプション評価の計算ができること。(9) リアルオプションとリスクマネジメントの概念を理解すること。,ファイナンスは資金の調達と運用を分析する学問分野である。この授業では、企業財務と金融工学に関する重要な内容を幅広く取り上げて講義し、ファイナンスに関して体系的に理解することを目標とする。第1回 会社、お金の時間価値第2回 財務諸表分析第3回 利子率、投資の意思決定法第4回 資本予算の基礎、債券評価第5回 中間試験第6回 株式評価、資本市場とリスク評価第7回 最適ポートフォリオの選択、資本資産評価モデル第8回 資本コストの推定、投資家行動と資本市場の効率性第9回 金融オプション、オプションの評価第10回 リアルオプション、リスクマネジメント,特になし。,授業内小テスト (20点)、中間試験 (40点)、期末試験 (40点) を実施次の通りとする。A+: 90点以上、A: 80̃89点、B: 70̃79点、C: 60̃69点,配布資料の内容を必ず復習し、理解を深めておくこと。,"教科書は指定せず、毎回資料を配布する。以下は参考文献とする。1. J. Berk and P. DeMarzo,Corporate Fin(Pearson, 2016).久保田敬一, 芹田敏夫, 竹原均, 徳永俊史 (訳): コーポレートファイナン版 (丸善出版, 2014).",オフィスアワーは特に定めないが、事前連絡をしてから訪問すること。,特になし。,,,"ファイナンス, 企業財務, 金融工学"
41,経営学,FH32081,2.0 単位,2 - 4 年次,"秋AB 火3,4",岡田 幸彦,経営(management)の本質は、人を動かすことである。そして経営は、特に(business)において欠かせない行為だと考えられてた。さらに、商売を行うけでなく、非営利組織、さらには都市・地域や国家等にとっても、経営が重要だと考えられるようになってきた。本授業では、経営に関する王道の理論を習得するとともに、最先端の理論と実務を理解する。これらを通じて、経営の不易流行を理解することを目指す。,経営工学,講義,汎用:批判的・創造的思考力、広い視野と国際性応用:社会システムの基礎的理解と洞察力、グローバル課題の分析能力、社会的要請へ対応力、課題探求能力,経営学の全体像と王道の理論、最先端の経営理論を理解する。特に、これからのデジタル時代を生きる筑波大生が、スタートアップを構想する際に必須となろう経営学の知識を身につける。,経営学は、戦略や組織などを扱う狭義の経営学、財務会計や管理会計などを扱う会計学、マーケティングや流通などを扱う商学と、多岐にわたる。本講義は、入山章栄(2019)『世界標準の経営理論』ダイヤモンド社を参考書として、狭義の経営学を教授する。第1回 経営学の地平第2回 経済学ディシプリンの経営理論第3回 経済学ディシプリンの経営理論第4回 マクロ心理学ディシプリンの経営理論第5回 マクロ心理学ディシプリンの経営理論第6回 ミクロ心理学ディシプリンの経営理論第7回 ミクロ心理学ディシプリンの経営理論第8回 社会学ディシプリンの経営理論第9回 社会学ディシプリンの経営理論第10回 日本式経営理論の展開,「会計と経営」を履修済みであることが望ましい。,"成績評価を評語(A+, A, B, C, D)で行う。内訳は、授業中のクイズ2量で評価する)、発言14%(回数の相対評価、0回は0%)、毎週の課題36%(2週、質と量で評価する)、期末レポート30%(6%×5問、質と量で評価する)とすおよびAの割合は、全履修者の40%以内とする。","講義75%、議論25%毎週課題を課し、manabaで1,000字程度のレポートを提出させる。期末レポ2,000字程度の予定である。",授業中に適宜指示する。講義資料は事前に掲示する。1. 参考書:入山章栄(2019)『世界標準の経営理論』ダイヤモンド社(参考書の中心としている),いつでもメールで受け付ける。講義週の日曜0900-1000にteamsでオフィる。,なし,,TAが講義内の議論を活性化します。,"経営学, 会計学, 商学"
42,生産・品質管理,FH32091,2.0 単位,2 - 4 年次,"春C 火3,4,金3,4","有馬 澄佳, 石井 善弘",生産・品質管理の概論、需要予測と生産計画、統計的品質管理手法、在庫理論、信頼性工学について解説する。,経営工学,講義,生産システム工学、オペレーション管理の全般。より詳細については、授業計画内の具体的なキーワードをご覧下さい。,生産・品質管理の概論、統計的品質管理手法、在庫理論、信頼性工学について理解した上で、企業の学際的事例に学ぶ。また、実企業課題の解決をチーム体制で演習し、習得していく。詳細は、Manaba等のコースガイドを参照ください。,"第1回 生産管理入門、製品設計と品質管理入門第2回 統計的工程管理, 実験計画法第3回 需要予測 と生産計画第4回 生産計画(Cont.)と調達・在庫管理第5回 プロセス選択と日程計画, 生産実行第6回 検査/信頼性工学第7回 特別講義第8回 企業課題説明, Team work:実践・生産管理第9回 チーム演習: 実践・生産管理第10回 チーム演習: 実践・生産管理第11回 最終発表 または 期末試験特別講義ほかの日程が、変更になる場合があります。",この授業を受講するためには、線形代数や統計学の知識は必須です。これは制約ではないが、総合的かつ実践的な学習を要するため、3年次が実質的な標準修年次となっています。また、週平均2-3時間程度、授業外で宿題やレポートに取り組む時間が必要です。(は、しかし、文科省の基準値未満です。),クイズ(10%)、課題レポート/宿題(50%)、および、期末試験または最終レポ(40%),数学基礎科目:線形代数、統計学の単位取得後に受講ください。,数十の資料に基づくため、個別には指定せず、原則授業にて配布する。また、必要に応じて、資料を指定する場合もある。,,初回講義にて示す。,,TA1名(予定),
43,経営工学,FH32101,2.0 単位,2 - 4 年次,"秋C 月3,4,木3,4",,初級レベルの経営工学を講義する。生産性や品質を重視する伝統的な製造業を対象とする経営工学に加え、サービス、顧客、環境、企業の社会責任など近年重要視されている課題に対する経営工学のアプローチも教授する。,経営工学,講義,,主として社会工学類の学生を対象とし、社会工学、特に経営工学を主専攻とする学生が当然理解しておくべき(もしくは当然理解していると期待される)経営工学(InduEngineering)の基礎知識の習得を目指す。,経営工学の基礎的知識習得を目指した講義を実施する。第1回 コース紹介、経営工学の概要と目的第2回 オペレーション戦略第3回 品質管理第4回 生産プロセスと設計第5回 日本式生産、中間試験第6回 在庫管理第7回 サプライチェーン・マネジメント第8回 顧客との関係、マス・カスタマイゼーション第9回 サービス・オペレーションズ第10回 持続可能なオペレーションズ、CSRと経営工学講義内容は適宜変更させる場合がある。,予習、復習は必ずすること。追試や、個人的な理由での試験日程の変更や代替課題への変更は認めない。,70%以上の出席を単位取得の必要条件とする。2回の試験、宿題(レポート等)、授業参加等を総合的判断して最終的評価を決定する,manabaシステムの必要な講義資料をアップするので、事前に読んでおくようにす,必携教科書は指定しない。,特に指定しない。必要な場合は電子メールでアポイントメントを取るように。授業前後に相談にのることも可能である。,履修に際しては、大学初年次で履修する基礎的な微積分、線形代数、統計学の知識を取得していることが望ましい。,,,
44,情報技術演習,FH33012,2.0 単位,2 - 4 年次,"秋AB 月5,6","張 勇兵, 鮏川 矩義",前半の5週はオブジェクト指向プログラミングの入門実習を行う。後半の5週は経営最適化のためのデータベース技術(RDBとSQL)を演習形式で身る。,経営工学,演習,"汎用:コミュニケーション能力, 批判的・創造的思考力, データ・情報リテラシーい視野と国際性, 協働性・主体性・自律性専門:複雑な社会問題解決のための数学・統計学・情報技術, 社会的要請への対応力コミュニケーション・スキル、課題探求能力","(前半)オブジェクト指向プログラミングの基礎となるデータ構造とアルゴリズムを学び, Pythonでプログラムを書けるようになること。(後半)データベース技術(RDBとSQL)の基礎スキルを理解し,使い方を説明でと.ソフトウェアを利用してデータベース技術(RDBとSQL)に基づくデータ処理タ分析ができること.",第1回 オブジェクト指向プログラミング入門第2回 データ構造(1)第3回 データ構造(2)第4回 データ処理(1)第5回 データ処理(2)第6回 経営情報システムとデータベース第7回 RDBとSQL第8回 RDB構築演習第9回 SQL演習(基礎編)第10回 SQL演習(集計と可視化),「プログラミング入門」を履修し、プログラムを書くことができるようになっていること。必ず初日の最初の時限から出席し、各回の授業に出席すること。,レポートの成績(80%)と小テストの成績(20%)に基づき評価する.評語の基準は次のとおりとする。A+: 秀(90点以上)、A: 優(80-89点)、B: 良 (70-79点)点未満),"講義(50%),演習(50%)実習後には復習をしっかり行うこと.",必要な資料は用意します。参考書:・岩崎圭ら著、スラスラわかるPython、翔泳社・M.Lutz著、初めてのPython、オライリー・ジャパン社,各担当教員にお問い合わせください。張 勇兵  ybzhang at sk.tsukuba.ac.jphttp://www.sk.tsukuba.ac.jp/̃ybzhang鮏川 矩義3F1105 sukegawa at sk.tsukuba.ac.jp httjp/researcher/0000004620,各回の授業内容を復習することはもちろんですが、プログラムを書く力を身につけるには、学んだスキルを用い、自ら問題設定をして種々のプログラムを書いてみることが一番です。意欲を持って取り組んで下さい。,,TA配置あり(2人),"オブジェクト指向, Python, データベース技術, データ分析"
45,計算機科学,FH33021,2.0 単位,2 - 4 年次,"秋AB 火5,6",繁野 麻衣子,"データ構造とアルゴリズム,計算の複雑性の基礎について学び,コンピュータ・ネットワーク上での応用例を幾つか紹介する.",経営工学,講義,"批判的・創造的思考力, データ・情報リテラシ ー,複雑な社会問題解決のための数統計学・情報技術","コンピュータ・プログラミングの基礎となるデータ構造とアルゴリズムを学びその基礎概念を習得するとともに,その応用について理解する.","第1週 アルゴリズムとは? アルゴリズムの記述第2週 アルゴリズムの評価,計算量第3週 基本的なデータ構造(リスト)第4週 基本的なデータ構造(木)第5週 整列アルゴリズム第6週 整列アルゴリズム第7週 探索アルゴリズム第8週 探索アルゴリズム第9週 文字列照合アルゴリズム第10週 文字列照合アルゴリズム",先行要件としてプログラミング基礎知識があることが望ましい,"小テストとレポート(50%),期末テスト(50%)の総合評価.全体の点数の60%以上を合格とする.A+: 90点以上, A: 80-89, B: 70-79, C: 60-69","受講者の理解度に応じ,授業中に指示するもある.授業中の小テストで不十分であった箇所は必ず復習すること.",プリントを配布,随時.メールでアポイントメントを取ること,,,,"データ構造, アルゴリズム, 整列, 探索"
46,シミュレーション,FH33051,2.0 単位,2 - 4 年次,"秋AB 水3,4",藤原 良叔,できるだけ少ない実験で偏りのないデータを得るための技術(実験計画法)、および、ンピュータ上で実験するための計算技法(計算機シミュレーション)を学ぶ。,経営工学,講義,"批判的・創造的思考力, データ・情報リテラシー, 複雑な社会問題解決のための数統計学・情報技術",実験計画法とコンピューター上での実験(すなわちコンピュータ・シミュレーション)の基本的な考え方(概念)と手法が理解できる。,"この科目では、実験をしてデータを取るための手法を学びます。それには大きく分けて二つの問題があります。(1) 実験の回数を出来るだけ少なく、いいデータを得るにはどうしたらいいか?(2) 費用少なく安全に実験をするにはどうしたらいいか?この授業では、この2つの課題に取組みます。市場調査や生産管理などで、解析に必要データを「偏りなく如何に少ない手間で得るにはどうすばいいか」、これが実験計画法のテーマです。 次にデータを得るための調査や実験には何億もの費用がかかったり、た危険を伴ったりすることがあります。そんな時、実際の装置で実験をする代わりにコンピューター上にモデル(模型) を作って模擬実験をします。これが(2)のコンピター・シミュレーションです。これらの手法について実習しながら学びます.シミュレーション実習に関しては artisoc Cloud というマルチエージターを使います.予定では講義の2ー3日前までにはアップするつもりですが,ギリギリまで遅れることります.また直前に修正することもありますのでご了承ください.できたら教室にパソコンを持参してください.ただし,講義中は閉じてください.理由講義の時に「これ」とか「それ」などの三人称を多発するので,スクリーンを見ていなと理解できません.また,毎週30分程度演習を行います.期末試験は課題や授業中の演習問題を自分で解者しか解答できないような問題を出題します.授業の進め方に関して,manaba で講義資料を配布しますので, 必ず前もってい.第1週 実験とは,  実験計画法と組合せ理論第2週 要因実験、一元配置,二元配置第3週 一部実施要因実験(直交実験)と直交配列第4週 有限体およびその拡大第5週 多様なシミュレーション, artisoc Cloudの登録方法第6週 artisoc Cloud の使い方第7週 乱数と準乱数第8週 モンテカルロ法,マルコフ連鎖モンテカルロ法第9週 離散システムのシミュレーション第10週 シミュレーションと最適化問題,確率的勾配降下法期末試験は実施する予定です.宿題の課題や授業中の演習問題を自分で解いた者にしか解答出来ないような問題を出題します.","統計学、線形代数の知識が頻繁に必要。また、何らかの言語でプログラミングが出来ることを前提とする。Rでの例をたくさん提示しますので,Rが理解できると便利です.","筆記試験においてはテキスト・ノート等の持ち込みは不可。artisoc Cloud でのモデルを構築し,実行したレポートと毎週の課題レ期末試験で評価.レポート(30%)期末試験(70%)",.各授業時間での演習を行う.今年からグループワークを取り入れる.グループは毎回更.未解決課題は自宅で完結すること..課題はレポートにしてmanabaにアップロードすること.,"授業の進め方に関して, manaba で案内をしますので,必ず見てください.Manaba または MS TEAMS で講義資料や参考資料を配布.授業の前にダウンロードしておいてください..予定では講義の2ー3日前までにはアップするつもりですが,ギリギリまで遅れることります.また直前に修正することもありますので注意してください1. 藤原良叔, 神保雅一,「符号と暗号の数理 」(共立出版)2. 佐藤文明, 斎藤稔, 石原進,「シミュレーション」 (共立出版)3. 関根智明, 高橋磐郎, 若山邦紘,「シミュレーション」 (日科技連)シラバスに書かれたことの変更は,manabaで掲示します. manabaの掲示す.","manabaで掲示mail, manaba で質問を受け付ける.","できたら授業にパソコンを持参してください.: ただし,三人称の「これ」とか「あを多用するので,スライドで講義中は閉じること.",,"TAが1名配属になります基本的にはTAは授業中は参加せず,mail等で課題やR,artisocなどの質","実験, 実験計画法, 要因計画, 直交配列, 有限体, 乱数, モンテカルロ法連続モデル, エージェントシステム, 最適化とシミュレーション. artiso"
47,情報ネットワーク,FH33061,2.0 単位,2 - 4 年次,"春AB 月5,6","張 勇兵, 繆 瑩","ネットワークの基本構成や形態などについて解説し,電子メール,WWWなど実際の応用ながらプロトコルやデータ伝送方式などについて解説する。また,ネットワークセキリティの脅威と対策,暗号システムと認証方式,鍵管理方式についても解説する。",経営工学,講義,批判的・創造的思考力、データ・情報リテラシー、複雑な社会問題解決のための数学・統計学・情報技術,この授業は、データ通信の仕組みや通信規則などの基礎知識を理解し、データ通信を安全に行うための仕組みと方式を理解することを目的とする。,"ネットワークの基本構成や形態などについて解説し,電子メール,WWWなど実際の応用いて実習を混ぜながらインターネットについて解説する。また,ネットワークセキュティの脅威と対策,暗号システムと認証方式,鍵管理方式についても解説する。第1回 ネットワークアーキテクチャ第2回 プロトコルとネットワークアーキテクチャ第3回 アプリケーション層、ネットワークアプリケーション第4回 フロー制御、輻輳制御第5回 ルーティング方式とインターネットにおけるルーティング第6回 ネットワークセキュリティとは第7回 暗号システム第8回 認証方式第9回 鍵管理方式第10回 電子メールセキュリティ",「情報リテラシー」、「プログラミング実習」、「経営工学情報実習」、「シミュレーション」を履修したことやプログラミングに関する基礎知識を持つことが望ましい。,全体成績は前半5回50%と後半5回50%で評価する前半5回の成績はレポート40%、試験60%で評価する後半5回の成績はレポート40%、試験60%で評価する,受講者の理解度に応じ、授業中に指示する。,指定教科書は特になし参考書・タネンバウムら著、コンピュータネットワーク、日経BP社・田坂修二著、情報ネットワークの基礎、数理工学社・岡本龍明著、図解 暗号と情報セキュリティ、日経BP 社・神保雅一著、イオタゼミ、暗号がわかる本、 Ohmsha,各担当教員にお問い合わせください張 勇兵  ybzhang at sk.tsukuba.ac.jphttp://www.sk.tsukuba.ac.jp/̃ybzhang繆 瑩  miao at sk.tsukuba.ac.jphttp://infoshako.sk.tsukuba.ac.jp/̃miao,,,,データ通信、プロトコル、ルーティング、セキュリティ、認証
48,データ解析,FH33071,2.0 単位,2 - 4 年次,"秋AB 火1,2","黒瀬 雄大, 志田 洋平, 末重 拓己",統計学の基本的な原理を学習し、データ解析手法の実践をする。また具体的なプログラミングコーディングを通じて、データ解析の練習を行う。,経営工学,講義,批判的・創造的思考力、データ・情報リテラシー、広い視野と国際性、複雑な社会問題解決のための数学・統計学・情報技術、グローバル課題の分析能力,(前半)基本的な統計理論を理解し、回帰などの統計手法を適切に使用してデータ解析できるようになる。(後半)計算機上でのデータ生成・統計解析を行うことで、データ解析の具体的な方法を取得する。,第1週 復習(標本/中心極限定理/統計的仮説検定)第2週 p値第3週 回帰とデータ解析1第4週 回帰とデータ解析2第5週 尤度第6週 復習(言語チュートリアル)第7週 分布第8週 相関分析・統計検定1第9週 相関分析・統計検定2/時系列データの生成と分析第10週 データ解析の実務,(前半)「統計学」と1年次の数学科目すべての基本的な内容を理解しているのを前提る。(後半)プログラミング入門、もしくはプログラミング実習の講義を履修済みであるこを前提にする。,レポートにより評価する。(前半50点、後半50点)(前半)レポートを3回提出する(計50点)。(後半)毎授業での計算機演習の作業履歴をレポートとして提出し、更に2つのレポー提出する(計50点)。,(前半)講義の復習をし、課題に取り組むこと。(後半)講義資料をもとに、実際にプログラミングコードを組みながら復習すること。,指定教科書はない。参考文献は講義中に紹介する。,オフィスアワーは特に定めないが、事前連絡をしてから訪問すること。,締め切り後のレポート提出は、特別な事情があり事前に連絡して担当教員の許可を得ていた場合を除き、一切認めない。,,TA 2名,"統計的仮説検定, 回帰分析, 尤度, プログラミング"
49,経営と機械学習,FH33081,2.0 単位,2 - 4 年次,"秋AB 木5,6",高野 祐一,経営上のデータ分析で有用な機械学習手法(線形回帰、ロジスティック回帰、主成分分析、クラスター分析、交差確認、ブートストラップ、正則化、決定木、サポートベクトルマシン、深層学習など)を幅広く取り上げて講義する。,経営工学,講義,「批判的・創造的思考力」「データ・情報リテラシー」「複雑な社会問題解決のための数学・統計学・情報技術」,(1) 機械学習の基礎となる理論を理解すること。(2) 機械学習手法の理解に必要な基礎数学を習得すること。(3) 経営上のデータ分析で有用な様々な機械学習手法を概観すること。(4) 経営課題に対して適切な機械学習手法を選択し適用できること。,機械学習は複雑なデータを有効に活用するための学問分野である。統計学、数理最適化、計算機科学と深く関連し、マーケティングやファイナンスなどの経営分野への応用も注目を集めている。この授業では、機械学習の概念と手法を幅広く取り上げて講義し、経営上のデータ分析に機械学習手法を活用できる能力を習得することを目標とする。第1回 統計的学習第2回 基礎数学、特別講義第3回 線形回帰第4回 分類第5回 教師なし学習第6回 中間試験第7回 再標本化、線形モデル選択と正則化第8回 決定木、サポートベクトルマシン第9回 ニューラルネット(深層学習)第10回 推薦システム、強化学習,特になし。,授業内小テスト (20点)、中間試験 (40点)、期末試験 (40点) を実施次の通りとする。A+: 90点以上、A: 80̃89点、B: 70̃79点、C: 60̃69点,配布資料の内容を必ず復習し、理解を深めておくこと。,"教科書は指定せず、毎回資料を配布する。以下は参考文献とする。1. G. James, D. Witten, T. Hastie, andStatistical Learning, Second Edition (S落海浩, 首藤信通 (訳): Rによる統計的学習入門 (朝倉書店, 2018)",オフィスアワーは特に定めないが、事前連絡をしてから訪問すること。,特になし。,,,機械学習、線形回帰、分類、教師なし学習、再標本化、モデル選択、正則化、決定木、サポートベクトルマシン、深層学習
50,数理工学モデル化演習,FH34012,2.0 単位,2 - 4 年次,"春AB 火5,6","繁野 麻衣子, Phung-Duc Tuan, 大西 正輝, 岩永 二郎","数理工学モデル化エリアの各授業において学んだ,様々な工学的なツール(モデル)にる基礎知識を,問題演習や実習を通して,さらに「使える」知識として定着させること目標とする。",経営工学,演習,"コミュニケーション能力、批判的・創造的思考力, データ・情報リテラシー、広い視と国際性、心身の健康と人間性・倫理性、協働性・主体性・自律性、社会システムの基礎的理解と洞察力、複雑な社会問題解決のための数学・統計学・情報技術、社会的要請への対応力、コミュニケーション・スキル、課題探求能力",数理工学モデル化エリアの授業で学ぶ基礎知識を問題演習やケーススタディを通して「使える」知識として定着させる。,第1回 文書作成ソフト第2回 Python言語と数理最適化による問題解決:入門第3回 Python言語と数理最適化による問題解決:応用(1)第4回 Python言語と数理最適化による問題解決:応用(2)第5回 マルチエージェント・シミュレーション第6回 最適化モデリング(1)第7回 最適化モデリング(2)第8回 待ち行列(1)第9回 待ち行列(2)第10回 待ち行列(3),プログラミングの知識があることを前提とする。プログラミング入門ABを履修していことが望ましい。また、数理工学モデル化エリアの複数科目に興味があることが望ましい。,担当教員によって異なるが、授業中に指示するレポートのみで評価する。各レポートの点数は対応する授業の回数の比率で評価する。演習はすべて 出席することが原則である。理由にかかわらず、欠席が2回を越えたときは、実習が十分 に行えなかったものみなし、無条件に不合格となる。,受講者の理解度に応じ、授業中に指示する。レポートの提出は担当教員の指示に従い期限日時までに提出すること。1頁目に必ずレポートのタイトル、専攻名、学年、学籍番号、氏名を記入すること。納期厳守の練習も含め、レポートの遅着には厳しく対応する。,"演習で必要な資料は随時配布する1. 岩永 二郎. 石原 響太, 西村 直樹, 田中 一樹,Pythonではじ版): ケーススタディでモデリングのスキルを身につけよう",随時。メールでアポイントメントを取ること。,,,,最適化、マルチエージェントシミュレーション、データサイエンス、機械学習、確率過程
51,数理最適化法,FH34031,2.0 単位,2 - 4 年次,"春C 月3,4,木3,4","吉瀬 章子, 繁野 麻衣子","数理計画におけるいくつかのテーマ(線形計画法,非線形計画法,グラフ理論,組み合適化法 等)を取り上げ,代表的な算法や基礎的な理論について概説を与える。",経営工学,講義,"批判的・創造的思考力,データ・情報リテラシー,複雑な社会問題解決のための数学・計学・情報技術","前半では,数理最適化法の基本である,線形計画の基礎理論と単体法の仕組みを理解し得する.後半では,組み合わせ最適化の代表的問題や解法について理解し習得する.","数理計画法で重要ないくつかのトピックス(線形計画,非線形計画,グラフ理論,組合適化)を取り上げ,代表的な算法や基本的な理論について概説を与える. 前半では,画問題とその双対問題との理論的な関係性を示す双対定理とその応用,線形計画問題のを計算機を求める場合に不可欠な単体法の仕組みを中心に解説する.後半では,グラフ基礎知識,最短路問題とその解法を解説する.さらに,ナップサック問題を例に組合せ化問題に対する代表的な解法である分枝限定法や動的計画法,近似解法について概説する.第1回 線形計画問題とは? 線形計画問題の標準形,演習(1)第2回 双対問題,双対定理,演習(2)第3回 双対定理続き,演習(3),単体法(1)第4回 単体法(2) ,(3),演習(4)第5回 中間試験,感度分析,役立つモデル化手法あれこれ第6回 組合せ最適化とは? グラフ・ネットワークの準備第7回 最短路問題 最小費用流問題第8回 組合せ最適化問題の難しさ ?ナップサック問題を例にして-第9回 分枝限定法,動的計画法第10回 近似解法期末試験を行うため,各回の休憩時間を用いて10週分の授業時間を確保し教育の質の化を図ります。","線形代数の基礎(行列,基底の概念)を習得していることが望ましい。","中間試験(50%)と期末試験(50%)。全体の点数の60%以上を合格とする。評価は標語(A+,A,B,C,D)で与える。","講義内容を予習し復習すること。特に授業中に行う小テストで不十分であったところは必ず復習しておくこと。前半部については,1年次の線形代数を復習しておくと理解しやすい。","1. 久野 誉人, 繁野 麻衣子, 後藤 順哉.「IT Text 数理最適化」1.Takahito Kuno, Maiko Shigeno, Jun’y(Mathematical optimization)’, Ohmsha (2",随時.メールでアポイントメントをとること。,同時に数理工学モデル化実習を履修することが望ましい。状況に応じて講義方法を変更する必要が生じた場合はmanabaを通じて連絡する。,,,"数理最適化, 線形計画, 単体法, 双対定理, 感度分析, モデル化, 組合せフ理論, 最短路問題, ナップサック問題, 分枝限定法, 動的計画法, 近似解"
52,応用確率論,FH34091,2.0 単位,2 - 4 年次,"春AB 木5,6",Phung-Duc Tuan,"確率論の基礎及びマルコフ連鎖の概略を説明する.確率空間,確率変数,確率分布,条き確率,期待値,条件付き期待値,同時確率分布,確率変数の収束,大数の法則,中心理,マルコフ連鎖等を説明する予定である.",経営工学,講義,"批判的・創造的思考力, データ・情報リテラシー, 複雑な社会問題解決のための数統計学・情報技術","初歩的な確率の考え方や計算技術を,実際の例を通じて習得する.確率空間や公理的確率論,確率変数,確率分布,期待値,積率母関数,同時分布と条件率,大数の法則,中心極限定理,およびマルコフ連鎖の基礎知識を身につけ,確率論をできる.","この授業は10回の講義で構成する.第1回 集合論の基礎,σ集合体第2回 確率空間,条件付き確率第3回 確率変数,確率分布第4回 期待値第5回 同時確率分布,分散と共分散第6回 独立な確率変数,たたみ込み,母関数第7回 確率変数の収束:概収束、法則収束、確率収束等第8回 極限定理:大数の法則, 中心極限定理第9回 確率過程の基礎:マルコフ連鎖第10回 確率過程の基礎:マルコフ連鎖",微積分と線形数学の他は特別な知識を前提としない講義とする.,"レポート・小テスト及び期末試験による評価をする. 成績評価を評語(A+, A,にする.レポート・小テストは3割と期末試験は7割で評価する.",復習は必ずすること,"関連資料をファイルで適宜に配布する。参考書:明解確率論入門 笠原 勇二(著),率と確率過程 伏見 正則(著),確率と確率過程 宮沢 政清  (著)等",メールでアポイントを取ることtuan at sk.tsukuba.ac.jp,,,,"確率空間, 公理的確率論, 確率変数, 確率分布, 期待値, 積率母関数, 同付き確率, 大数の法則, 中心極限定理, マルコフ連鎖"
53,数理統計学,FH34101,2.0 単位,2 - 4 年次,"秋AB 金1,2",イリチュ 美佳,多変量データを素材とした数理統計学の基礎的知識とそれに基づいた応用や適用手法について学ぶ。,経営工学,講義,批判的・創造的思考力、データ・情報リテラシー、複雑な社会問題解決のための数学・統計学・情報技術,統計、確率の基本的内容を理解し、基礎力をつける。また、多変量データ解析の基礎知識を理解し、実用する能力を身につける。,"多変量データを素材として,数理統計学の基礎的知識を学ぶ。第1回 基礎的統計量第2回 事象と確率第3回 確率の諸性質第4回 離散型分布とその性質第5回 連続型分布とその性質第6回 統計的推論の考え方第7回 多変量統計の一般論第8回 多変量統計解析の応用I(主成分分析)第9回 多変量統計解析の応用II(クラスター分析)第10回 多変量統計解析の応用III(主成分分析・クラスター分析の応用)",統計学,評価方法:最終レポート提出により評価する.割合:レポートのみで評価する. 概ね6割以上の評点で合格とする.評価基準:レポート課題の主旨に沿って、的確に記述できているか否かにより評価する,次回の授業範囲の内容を予習して、必要な統計学の基礎事項を理解しておく.また、復習として、応用例について学修する.,講義で適宜指示する。,随時。メールでアポイントを取ること。,,,,"統計, データ解析"
54,離散数学,FH34111,2.0 単位,2 - 4 年次,"春AB 木3,4","繆 瑩, 八森 正泰",社会工学における種々の離散的なシステムのモデル化や解析、および、情報処理技術の基礎となる、離散数学・組合せ論の入門・概説的な講義を行う。,経営工学,講義,"批判的・創造的思考力, データ・情報リテラシー, 複雑な社会問題解決のための数統計学・情報技術",社会工学における種々の応用を念頭に、離散数学の基礎概念を理解できる。,前半5週間は繆、後半5週間は八森が担当する。第1回 論理第2回 集合論入門第3回 順列・組合せ・エントロピー関数第4回 極値集合論初歩第5回 符号理論入門第6回 グラフ理論入門・基礎編第7回 グラフ理論入門・発展編第8回 数え上げの手法第9回 線形代数の応用第10回 発展的トピック,"数学リテラシー1・2, 微積分1・2・3, 線形代数1・2・3, 統計学, をを理解していること。",期末試験とレポート課題による。試験80%、レポート課題20%。試験において、テキスト・ノートの持ち込みは不可。評語の基準は次のとおりとする。A+: 秀(90点以上)、A: 優(80-89点)、B: 良 (70-79点)点未満),各回の授業に出席して講義を聴講し、授業内容を次の回までに必ず復習しておくこと。練習問題が出された場合には必ず取り組むこと。,教科書は指定しない。参考文献は授業内で適宜紹介する。,オフィスアワーは特に定めないが、事前連絡をしてから訪問すること繆 瑩  miao at sk.tsukuba.ac.jphttp://infoshako.sk.tsukuba.ac.jp/̃miao八森 正泰,毎回の授業に出席して聴講し、各回の復習や練習問題は必ず行い、意欲を持って授業に臨んで下さい。,,,"集合と論理, 組合せ論, 極値集合論, 符号理論, グラフ理論, 数え上げ"
55,問題発見と解決,FH35012,2.0 単位,3・4 年次,"秋BC 金5,6","吉瀬 章子, 高野 祐一","経営工学専攻で学んだ基礎知識を用いて,自らテーマを設定し,モデル化,ソリューシの導出,ソリューションの検討からなる一連のプロセスを経験するとともに,ディスカションとプレゼンテーションのトレーニングを行う。学外への視野を広げるため,社会活躍する方々を招いての事例講義や他大学の学生による交流発表会も予定している。",経営工学,演習,"コミュニケーション能力,批判的・創造的思考力,データ・情報リテラシー,広い視野際性,心身の健康と人間性・倫理性,協働性・主体性・自律性,社会システムの基礎的解と洞察力,複雑な社会問題解決のための数学・統計学・情報技術,グローバル課題の析能力,社会的要請への対応力,コミュニケーション・スキル,課題探求能力",経営工学専攻で学んだ基礎知識を用いて、自ら設定したテーマに対して、モデル化・ソリューションの導出・ソリューションの検討に一連の作業が行える能力、ならびにディスカッションとプレゼンテーションの能力を高めるとともに、事例講義や大学間交流授業を通して学外への視野を広げること。,第1回 オリエンテーション第2回 大学交流授業第3回 相談会第4回 相談会第5回 中間発表その1第6回 中間発表その2第7回 事例講義第8回 相談会第9回 最終発表会その1第10回 最終発表会その2,様々な数理モデルに関する知識と理解を前提としている。,"(1)授業参加(質問,ディスカッション等)への積極性 5% (2)感想文の提出ンテーション 40%(4)発表へのコメントの提出 5% (5)レポート40%を総合して評価する。1.必修の実習であり、すべてに出席することが原則であるが、止むを得ず欠席する場は、後日医師の診断書や、企業説明会等へ出席したことを証明する書類や写真(日付入り)を提出すること。2.事例講義後、次の実習までに感想文を提出すること。なお感想文は後日講師の方へお礼として送付する。3.最終プレゼンテーションにおいて、各自が持つ3ポイントを分配する形の投票を行筑波大学の代表者を決める。4.選ばれた代表者は、3月に行われる、慶応大学、中央大学、筑波大学、東京工業大東京理科大学の各代表者による発表会「問題発見とモデル化 5大学交流発表会」で発を行う。A+:90点以上、A:80-89点、B:70-79点、C:60-69点、D:6","講義30%,実習70%。授業外において必要な学修時間は60時間程度で,自らの課題発見と遂行,中間発表の作成・練習,事例講義感想文作成,最終発表の資料作成・練習,最終レポートの作成等う。",必要な資料は相談会において各学生に提示する。,E-mailで連絡の上随時,リアルタイム型のオンライン授業を行う予定。状況に応じて講義方法を変更する必要が生じた場合はmanabaを通じて連絡する。,,,"課題発見, モデル化, ソリューション導出, ディスカッション, プレゼンテー事例講義, 大学間交流授業"
56,住環境設計演習,FH46002,6.0 単位,3・4 年次,春ABC 金3-6,"山本 幸子, 藤井 さやか, 渡辺 俊, 藤川 昌樹, 雨宮 護, 今井 信博, 中津 秀之, 神田信孝","都市・建築空間の設計能力向上を目指す演習である。2年次までに開講された設計関連目(都市計画情報演習,基本製図)を受講した学生が,これまでに習得した基本製図にる基礎手法を用い,戸建木造住宅及び集合住宅の設計方法・設計技術を身につける。",都市計画,演習,"コミュニケーション能力,批判的・創造的思考力,協働性・主体性・自立性,社会的要への対応,コミュニケーション・スキル,課題探求能力","建築物立案の企画力,建築空間の計画力,設計能力,および表現力に関する技術を身にるため,戸建木造住宅及び複合施設(公共施設や商業施設)を含む都市型集合住宅を設る。その中で建築設計に必要な地区計画の考え方,集合住宅計画論,設計技術等を習得る。課題は,社会情勢や実現性を考慮した具体的なものとする。","前半に戸建木造住宅の設計,後半に都市型集合住宅の設計を行う。第1回 1.戸建木造住宅の設計1-1 課題説明と建築計画・設計の基礎第2回 1-2 エスキースI:コンセプト・ゾーニング第3回 1-3 エスキースII:平面・断面計画第4回 1-4 中間発表会第5回 1-5 エスキースIII:各種図面第6回 1-6 エスキースIV:模型・プレゼンテーション技法第7回 1-7 最終発表会第8回 2.都市型集合住宅の設計2-1 課題説明・講義(集合住宅の設計方法)・見学会第9回 2-2 講義(設計事例の紹介)・エスキース第10回 2-3 ボリュームスタディ第11回 2-4 ボリュームスタディ第12回 2-5 中間発表会第13回 2-6 設計作業第14回 2-7 講義(プレゼンテーション技法)・設計作業第15回 2-8 仕上げ作業第16回 2-9 最終発表会",原則として「都市計画情報実習」「基本製図」を既に履修していることとする。,提出課題の完成度により評価する。,,授業のホームページを参照,山本 幸子文科系修士A棟307 sachiko at sk.tsukuba.ac.jp藤井 さやか  メールでアポイントをとってください fujii at sk.t渡辺 俊  shun at sk.tsukuba.ac.jp藤川 昌樹  fujikawa at sk.tsukuba.ac.jphttp://wright.sk.tsukuba.ac.jp/fujikawa雨宮 護  随時.メールで連絡すること. amemiya at sk.tsuk,,,,"建築, 設計, 住宅,集合住宅,プレゼンテーション"
57,住環境計画演習,FH46012,4.0 単位,3・4 年次,春BC 金3-6,"藤井 さやか, 渡辺 俊, 藤川 昌樹, 雨宮 護, 山本 幸子, 神田 信孝, 今井 信博, 中津秀之","都市・建築空間の設計能力向上を目指す演習である。2年次までに開講された設計関連目(基本製図,設計演習I)を受講した学生が,これまでに習得した設計製図における法を用い,集合住宅の設計方法と設計技術を身につける。",都市計画,演習,コミュニケーション能力批判的・創造的思考力協働性・主体性・自律性社会的要請への対応力コミュニケーション・スキル課題探求能力,"建築物立案の企画力,建築空間の計画力,設計能力,および表現力に関する技術を身にるため,複合施設(公共施設や業務施設)を含む都市型集合住宅を設計する。その中で設計に必要な地区計画の考え方,集合住宅計画論,設計技術等を習得する。課題は,社勢や実現性を考慮した具体的なものとする",1) 課題説明・講義(集合住宅の設計方法)・見学会2) 講義(設計事例の紹介)・エスキース3) ボリュームスタディ4) 中間発表会5) 設計作業6) 講義(プレゼンテーション技法)・設計作業7) 仕上げ作業8) 最終発表会,都市計画情報演習、基本製図、設計演習1を履修していることが望ましい。,提出課題の完成度により評価する。,演習時間外に自主的に課題地を見学する。演習時間内に終わらない場合、空き時間を活用して課題を完成させる。,授業のホームページを参照,随時。メールでアポイントを取ること。藤井 さやか  メールでアポイントをとってください fujii at sk.t渡辺 俊  shun at sk.tsukuba.ac.jp藤川 昌樹  fujikawa at sk.tsukuba.ac.jphttp://wright.sk.tsukuba.ac.jp/fujikawa雨宮 護  随時.メールで連絡すること. amemiya at sk.tsuk山本 幸子文科系修士A棟307 sachiko at sk.tsukuba.ac.jp,,,,"集合住宅, 設計, プレゼンテーション"
58,住環境計画概論,FH46021,2.0 単位,2 - 4 年次,"春AB 木3,4","雨宮 護, 山本 幸子",最も身近な建築である住まいは、建築の基本であると同時に、都市をつくる重要な構成要素でもある。本講義では、日本における住まいの歴史、戦後の社会状況・ライフスタイルの変化が都市・農村の住宅や居住環境に与えた影響と今日的課題について解説する。さらに少子高齢・人口減少の進行とグローバル化の進展、ストック活用型社会におけるこれからの住まいづくり、まちづくりについて考える。,都市計画,講義,"批判的・創造的思考力,広い視野と国際性,社会システムの基礎的理解と洞察力,グロル課題の分析能力,社会的要請への対応力",住宅の歴史的変遷及び住宅政策について理解を深めるとともに、今日の社会状況・地域性に対応した住まい・居住環境の計画手法を習得する。,第1回 ガイダンス・日本の都市・市街地形成の歴史と住宅の成り立ち第2回 日本の住まいと居住環境第3回 「郊外」の形成史第4回 団地・集合住宅の変遷と計画第5回 研究学園都市の居住環境1第6回 日本の住宅政策と住まいの変化第7回 安全・安心と居住環境第8回 人口減少社会における住まいと居住環境第9回 ストック活用型社会における居住環境計画第10回 研究学園都市の居住環境2,特になし,課題学習の成果物(20%)と期末試験の結果(80%)から総合的に評価する。 試紙1枚ウラオモテの自筆のメモのみ持ち込み可とする。,講義時に示す参考文献を用いて復習を行うことが望ましい,授業中に指示する,随時.メールでアポイントメントをとってください雨宮 護  随時.メールで連絡すること. amemiya at sk.tsuk山本 幸子文科系修士A棟307 sachiko at sk.tsukuba.ac.jp,,,,"住宅,住環境,郊外,団地,集合住宅,住宅政策,安全・安心,人口減少,ストック活用"
59,空間デザイン論,FH46031,2.0 単位,2 - 4 年次,"秋AB 金1,2",渡辺 俊,"建築・都市デザインの潮流を概説するとともに,魅力的な空間を創出するための様々なヴォキャブラリーを紹介する。次に,それらの機能的構成と建築基準法(単体規定)等築関連規定について説明する。また,デザイン課題を通して空間設計に必要な基礎的素を習得する。",都市計画,講義,批判的・創造的思考力データ・情報リテラシー社会システムの基礎的理解と洞察力グローバル課題の分析能力社会的要請への対応力,"建築・都市デザインの潮流および,様々なビルディングタイプにおける基本的な建築計を理解する。また、演習課題(宿題)を通して空間設計に必要な基礎的スキルを習得する。",講義では代表的なな事例を紹介する。第1回 都市デザインの系譜第2回 建築・都市空間の記述第3回 官公庁・業務施設の計画第4回 教育・文化施設の計画第5回 医療・福祉施設の計画第6回 行動科学と設計標準第7回 空間デザインの論理第8回 都市デザインと情報処理第9回 情報化と都市の将来第10回 演習課題講評会,設計演習、住環境計画演習に向けた内容の講義であり、2年次での履修を強く推奨する,即日課題(約30%)、小テスト(約40%)および演習課題(宿題)の完成度(約3価する。,実習室等や都市計画アーカイブ室にある展示作品等を参考に、演習課題を完成させる。,講義内容を抜粋した資料を配布する。,随時。メールでアポイントを取ること。shun at sk.tsukuba.ac.jp,,,,"建築計画, 都市デザイン, 環境心理, 建築情報, 都市情報"
60,都市緑地計画,FH46041,2.0 単位,2 - 4 年次,"秋AB 月1,2",村上 暁信,"自然環境や歴史資源,オープンスペース等の保全を基調とした都市・地域計画のあり方ついて,その歴史的展開や現代的課題,将来方向を,具体例を交えながら体系的に論ず",都市計画,講義,"批判的・創造的思考力,広い視野と国際性,社会システムの基礎的理解と洞察力,グロバル課題の分析能力,社会的要請への対応力","環境共生型の都市整備を進めるためには,都市成立の歴史的経緯を踏まえながら,基盤しての自然・社会環境を読み解き,その知見を計画へと応用するスキルが必要となる。講義を通じて,○ランドスケープという視点から都市空間を理解する手法を身につけること○都市環境の保全・創出ににかかわる様々な分析・評価・設計手法の可能性と限界を理解すること○ランドスケープという視点から都市デザインを批評するスキルを習得することを目標としている。","自然環境や歴史資源,オープンスペース等の保全を基調とした都市・地域計画のあり方ついて,その歴史的展開や現代的課題,将来方向を,具体例を交えながら体系的に論ず第1回 ランドスケープという視点第2回 ランドスケープ計画の成立1:欧米諸都市における公園緑地第3回 ランドスケープ計画の成立2:わが国における公園緑地第4回 ランドスケープ計画の理論第5回 地図から土地を読み解く:読図第6回 都市と自然第7回 緑地の環境保全機能 気候風土と環境第8回 わが国の公園緑地制度第9回 都市と農村の計画的整備第10回 グリーンインフラ",特になし。,"授業参加(質問,ディスカッション等)への積極性(20%),小レポート(10%)ポート(70%)により総合的に評価する。授業参加への積極性は,主に毎回課すアントへの回答により評価する。",講義の復習を行うこと。講義で学んだ視点から身の回りの空間を読み解く作業を重ねること。,"受講者の理解度に応じ,授業中に指示する。",水曜日9:00̃13:00(事前にメールで連絡すること)murakami at sk.tsukuba.ac.jphttp://infoshako.sk.tsukuba.ac.jp/̃mura,,,,"ランドスケープ, 都市環境, オープンスペース, 計画制度"
61,現代まちづくり論,FH46051,2.0 単位,2 - 4 年次,"春AB 木5,6","藤川 昌樹, 有田 智一, 藤井 さやか, 雨宮 護, 村上 暁信, 梅本 通孝, 飛田 幹男, 高山 範理, 宮 江介, 三牧 浩也","現代のまちづくりの理論的背景として,20世紀の計画理論を批判的に振り返り,計画セス,参加,計画行政及び計画手法,計画法規等について論じる。さらに,現代まちづの実践がどのような形で展開されているか,中心市街地や都市と農村の混在混住地域の生,持続可能な環境共生型まちづくり,等のトピックを取り上げて解説する。",都市計画,講義,「批判的・創造的思考力、広い視野と国際性、社会システムの基礎的理解と洞察力、グローバル課題の分析能力、社会的要請への対応力」,「都市計画」と対置される形で「まちづくり」という概念が使用されるようになって久しい。本講義では、「まちづくり」が定着するに至った理論的背景について歴史的に理解すると共に、様々な主題に対して取り組まれている「まちづくり」の実践事例についての知識を得ることを目標とする。,"現代のまちづくりの理論的背景について歴史的に振り返りつつ論じると共に、現代のまちづくりの実践がどのような形で展開されているか,まちづくりの主題ごとに取り上げ解説する。第1回 まちづくりの歴史的系譜(有田)第2回 まちづくりの技法と支援(藤井)第3回 多様な主体が連携するまちづくり(三牧)第4回 地図とまちづくり(飛田)第5回 まちづくりと新しい技術(村上)第6回 防犯まちづくり(雨宮)第7回 防災まちづりくり(梅本)第8回 環境共生のまちづくり(宮)第9回 過疎農山村のまちづくり(高山)第10回 歴史まちづくり(藤川)積極的に講義に参加することが求められる。",「都市計画入門」「都市計画の歴史」を受講しておくことが望ましい。,各回の講義で示された小レポート(2/3)及び最終課題(1/3)により総合的に判す。,受講者の理解度に応じ、授業中に指示する。,毎回、講義資料を配布する。参考文献については、各回の授業で指示します。,木曜日18:00-19:00藤川 昌樹  fujikawa at sk.tsukuba.ac.jphttp://wright.sk.tsukuba.ac.jp/fujikawa特になし,まちづくりに関する基本的な語意やそれにもとづく論理を体得してください。,,T.A.配置あり,まちづくり 住民 ボトムアップ 都市計画
62,都市文化共生計画,FH46061,2.0 単位,2 - 4 年次,"秋AB 火1,2",松原 康介,現代は多文化共生の時代である。今後の都市空間は、日本文化、欧米文化だけでなく、中国、韓国、インド、イスラームといった、アジアの諸文化との共生が求められる。本講義の前半では、一見複雑で無秩序に見えるアジア諸国の都市空間の構成を、歴史と現地映像から読み解いていく。後半では、現代におけるアジア的空間の非アジア都市への伝播の実態を踏まえて、多文化共生の都市計画に必要なアイディアや方法とは何かを考えていく。,都市計画,講義,1.汎用コンピテンス:広い視野と国際性2.専門コンピテンス:国際学(国際開発)の理解(国際総合学類)+グローバル課題能力(社会工学類),1.アジアにおける多様で複雑な居住形態を概念的に理解し説明できる。2.アジア的空間の世界的な広がりと変容の実態を理解し、絵や図版、写真等で表現でる。3.多文化共生の都市計画の基本的課題を整理し、説明できる。,多文化共生の器としての都市空間のあり方を求める視点から、主として歴史的なアプローチをとる。一方で、建築学のはしくれとして、フィールドワークで得られた絵や図面、写真を活用する。また、古地図と現在地図の比較には教員らが開発した「中東都市多層ベースマップシステム」(http://asp.netmap.jp/mebaアジア・アフリカ地域の都市を扱うが、第1回のフェス(モロッコ)から、第4回の西国)まで、西方から東方へ徐々に視点を動かすことで、それらの関係性を確認しつつ進る。具体的には以下の地域区分に基づき毎回の講義を進める。第1回~第3回 北アフリカから中東を経て中央アジアに至る、今日のイスラーム圏第4回~第6回 日本、中国及び東南アジア(旧スペイン植民地)を中心とするアジア第7回~第8回 それまでの知見(アジア的空間論)を踏まえた、今日の多文化共生の方(日本及びフランス)第9回~第10回 国際協力において実践される多文化共生の都市計画の事例研究迷宮都市フェスの都市構造都市の発祥の地・西アジアシルクロード都市論西安の都市計画スペイン植民都市論都市組織の類型学日本の多文化共生と景観計画フランスの多文化共生のゆくえ国際協力と都市計画「住むための遺産」の空間整備,国際総合学類(BC12541)と社会工学類(FH42061)で科目番号が異なる,最終試験を行う,授業でとりあげた都市や建築を実際に訪問し、歩き、話し、食べて、生活してみることを推奨します。,講義中にレジュメを配布する。毎回、オンサイト出席を前提とするミニレポートと振り返りレポートを課します。,毎週火曜日11:25-12:30(講義後にオフィスアワーを持つ),異文化世界の都市について、自ら体験することを通じて学ぶことなお、コロナウィルスへの対応のため、状況をふまえつつスケジュールをふくめて弾力的に実施していきます。,,TAがいます。,都市計画史/アジア・アフリカ/多文化共生/都市の保全と活用
63,都市計画マスタープラン演習,FH47012,6.0 単位,3・4 年次,秋ABC 金3-6,"岡本 直久, 有田 智一, 堤 盛人, 村上 暁信, 木下 陽平, 山崎 清, 近藤 美則, 石井儀光, 浦田 淳司","土浦市を含む茨城県南地域を対象とし,交通予測・土地利用予測ソフトウェアを利用し地理情報システム(GIS)等を用いた資料作成やプレゼンテーションを通して,都市スタープランや市町村総合計画の策定過程を習得する。最終発表会を土浦市で開催する。",都市計画,演習,"コミュニケーション能力, 批判的・創造的思考力, データ・情報リテラシー, 広と国際性, 心身の健康と人間性・倫理性, 協働性・主体性・自律性, 社会システ礎的理解と洞察力, 複雑な社会問題解決のための数学・統計学・情報技術, 社会的への対応力, コミュニケーション・スキル, 課題探求能力","土浦市を含む茨城県南地域を対象とし,交通予測・土地利用予測ソフトウェアを利用し地理情報システム(GIS)等を用いた資料作成やプレゼンテーションを通して,都市スタープランや市町村総合計画の策定過程を習得する。最終発表会を土浦市で開催する。","土浦市を対象とした都市計画マスタープランをグループ作業にて策定する.自由なアイアを尊重しつつも,施策実施の客観的根拠,透明性のある理由付けを与えるために,立析モデル(CUET),交通計画モデル(JICA-Strada),地理情報システション,データ解析等の手法を活用する.なお,現地視察,土浦市職員による特別講義発表会を土浦市内で開催するなど,現場との交流も体験する.都市計画専攻3年間の集とする.なお以下のスケジュールは目安であり、第1回ガイダンスにおいて詳細なスケジュール示す。第1回 ガイダンス(講義概要、担当教員等紹介、班構成)第2回 都市計画上の課題抽出第3回 土浦市見学第4回 都市計画上の課題抽出第5回 第1回中間発表(課題班成果発表)第6回 都市計画のための分析技法(I)・課題に対する解決策の考案(個人)第7回 都市計画のための分析技法(II)・課題に対する解決策の考案(個人)第8回 都市計画のための分析技法(III)・課題に対する解決策の考案(個人)第9回 課題に対する解決策のとりまとめ第10回 課題に対する解決策の発表(個人提案発表)第11回 都市計画マスタープラン施策案の策定第12回 都市計画マスタープラン施策案の策定第13回 整合性や実行可能性の検討(総合調整)第14回 都市計画マスタープランのとりまとめ第15回 最終成果発表初回の講義にオリエンテーションを行い,4―6名で課題グループを編成する.また計策定にあたっては新たに計画グループを構成し、計画案を作成する.最終発表会では,出席者により最優秀グループを選出する.また最終成果物については,土浦市内でパネル展示会を開催するなど,土浦市と連携し公開をしていく.",都市計画主専攻3年次を主とする。他学類、他主専攻学生の履修については担当教員と相談。,課題グループによる成果とその貢献度 25%個人プロジェクト提案の内容     15%計画グループによる成果とその貢献度 50%発表や質疑等の演習への積極的な参加 10%,なし,"基礎資料を授業時に配布するが,関連資料・データについては独自で収集する",メールで事前に連絡を取ること.,,,TAは過去、本演習を履修した経験のある大学院生が務める。初回ガイダンス時に紹介る。,"都市計画, 都市計画マスタープラン, 交通計画, 土地利用, 立地分析, 需要"
64,土地利用計画,FH47021,2.0 単位,3・4 年次,"春AB 月5,6",藤井 さやか,"都市地域における土地利用計画を中心に,国・地域レベルから地区レベルまでの土地利計画の形態,目的,機能を概説するとともに,地区レベルの市街地整備方策として,都画の方法としての地区計画や建築基準法(集団規定)等の法規について基本的な知識をぶ。",都市計画,講義,批判的・創造的思考力、広い視野と国際性、社会システムの基礎的理解と洞察力、グローバル課題の分析能力、社会的要請への対応力,現実に起こっている、都市・地区の土地利用問題、都市問題に主体的な関心を持ち、その背景、構造、解決策について、複眼的に考える力を習得すること。,"都市地域における土地利用計画を中心に,国・地域レベルから地区レベルまでの土地利計画の形態,目的,機能を概説するとともに,地区レベルの市街地整備方策として,都画の方法としての地区計画や建築基準法(集団規定)等の法規について基本的な知識をぶ。(1) 土地利用計画・地区整備計画の定義と体系(2) 都市計画制度の歴史的系譜(3) マスタープラン、区域区分と開発許可(4) 用途地域と建築制限(集団規定)(5) 地区レベルの都市計画(地域地区等、地区計画)(6) 地区レベルの都市計画(まちづくり条例、景観法と景観コントロール)(7) 市街地開発事業(土地区画整理事業、市街地再開発事業などの面的整備手法)(8) 市街地開発事業(都市再生特区、総合設計制度など地区・街区の整備手法)(9) 市民主体の都市計画とまちづくり、都市計画決定と提案制度(10) 海外の都市計画制度、都市計画の今日的課題と今後の展望",都市計画入門(FH61151)、都市計画原論(FH45201)を履修しているこ,"出席60%以上であることを成績評価の条件とする。成績評価は、講義中に出題する課題60%、レポートの評価40%をもと成績(A+,D)を決定する。",講義やレポートで取り上げた対象地に何度も足を運び、講義で学ぶ計画制度が実際のまちでどのように展開されているか考えを深める。,講義中で指定する。自分で学習を進める参考書として以下を推薦する。1. 初めて学ぶ 都市計画(第二版) 市ヶ谷出版社 2018年2. 「生活の視点でとく都市計画」彰国社 2016年,メールでアポイントをとってください fujii at sk.tsukuba.a,,,,"都市計画制度, 土地利用, 計画, 規制, 事業"
65,都市環境評価論,FH47034,2.0 単位,2 - 4 年次,"春AB 水1,2","甲斐田 直子, 木下 陽平",良好で快適かつ安全・安心な都市環境を維持、実現するためには、都市の環境を理解することが必要である。本授業では、都市の水環境、気候、土地利用と生態系、生活およびライフスタイルの基礎知識と都市環境を定量的に計測・評価する手法(アセスメント法等)について概説する。最終週では総合討論を行い、地球環境問題と都市環境問題と関連性について理解を深める。本講義を通じて、環境と調和した都市像を考えて欲しい。,都市計画,講義及び演習,汎用コンピテンス:批判的・創造的思考力、データ・情報リテラシー、広い視野と国際性専門コンピテンス:社会システムの基礎的理解と洞察力、グローバル課題の分析能力、社会的要請への対応力,都市の自然、緑地、土地利用、インフラ整備維持、環境倫理、持続可能性を中心に、都市および周辺地域における環境の特徴や状態を把握するための基本的概念や評価制度・手法、事例に関する知見を習得する。,都市は、人間の生活や経済活動が集積する場として発展してきた。快適かつ安全・安心な都市を形成・維持するためには、都市の環境を理解することが不可欠である。本科目では、都市の自然、緑地、土地利用、インフラ開発、環境倫理、持続可能性に主眼を置き、都市および周辺地域における環境の特徴や状態を把握するための基本的概念や評価制度・手法、事例を解説する。第1回 授業概要説明都市と環境問題都市計画における環境の法制度的位置付け 担当:甲斐田 直子第2回 都市システム・都市計画と環境(1) 水・エネルギー・交通・インフラ 担田 直子第3回 都市システム・都市計画と環境(2) 緑・自然・災害 担当:甲斐田 直子第4回 都市システム・都市計画と環境(2) 廃棄物 担当:甲斐田 直子第5回 都市環境の評価手法(1) 便益評価、環境影響評価 担当:甲斐田 直子第6回 都市環境の評価手法(2) 住民意識、合意形成持続可能な都市を目指す取り組みと課題 担当:甲斐田 直子第7回 都市の周りの自然災害:気候・気象 担当:木下 陽平第8回 都市の周りの自然災害:地震 担当:木下 陽平第9回 都市環境リモートセンシング 担当:木下 陽平第10回 都市環境把握のための測地・測量 担当:木下 陽平,特になし,各回出席確認への回答内容(20%)およびレポート課題成績(80%)を総合的に評る。総合成績点60%以上を単位取得条件とする。A+評価:90点以上、A評価:8価:70点̃79点、C評価:60点̃69点、D評価:59点以下とする。,,指定教科書は特になし。参考資料は授業内で適宜紹介する。,質問等は、授業時間内、manaba掲示板、メール、Teamsチャットで受け付け甲斐田 直子  メールによりアポイントメントを取ること naoko.kaidaac.jphttps://trios.tsukuba.ac.jp/resear木下 陽平総合研究棟B 804室 ykinoshita at risk.tsukuba.,授業の妨げになる行為は禁じる。,,,都市環境、都市計画、倫理、環境影響評価、費用便益評価、緑地、土地利用、景観、生態系、持続性、測地、気象、リモートセンシング、災害
66,都市防災計画,FH47041,2.0 単位,3・4 年次,"秋AB 火5,6","梅本 通孝, 糸井川 栄一","都市災害の特徴を分析した上で,都市における各種災害の発生・拡大メカニズム,予測法について事例を踏まえて示し,これらの防止対策及び都市防災計画の立案手法を都市画との関連で解説する。",都市計画,講義,社会システムの基礎的理解と洞察力複雑な社会問題解決のための数学・統計学・情報技術グローバル課題の分析能力社会的要請への対応力,1.都市域で発生する自然災害を中心とした様々なリスクを理解すること.2.都市域で発生する個別のリスクの内容について理解すること.3.都市域で発生する個別のリスク認知について理解すること.4.都市域で発生する自然災害を中心としたリスクに対して取るべき行動について理解ること.,第1回 都市災害と都市防災第2回 都市化と水害第3回 地震災害とその波及第4回 地震による都市災害の事例と建物被害第5回 災害からの避難第6回 東日本大震災における津波被害と高台移転第7回 火災とその延焼第8回 都市の脆弱性評価第9回 防災都市づくりと災害復興計画第10回 防災まちづくり計画第11回 期末試験,特になし.,"授業参加(質問,ディスカッション等)への積極性(10%),演習課題の提出状況(及び期末試験(または期末レポート)成績(70%)によって判定する.期末試験を行う場合は筆記試験とし,テキスト・ノート等の持ち込みは不可とする.",受講者の理解度に応じ、授業中に指示する.,"特に指定せず,必要に応じてハンドアウトによる資料を提供する.","梅本 通孝  月曜9:00-12:00(電子メール等にてアポ必要)総合研究棟B802 umemoto#at#risk.tsukuba.ac.jp//infoshako.sk.tsukuba.ac.jp/̃tj330/Lab糸井川 栄一  e-mailで事前に予約のこと. itoigawa#at#skbe replaced with "" at "" http://infoshak",,FH47021 土地利用計画FH47034 都市環境評価論FH47051 交通計画FH61151 都市計画入門FH63071 都市計画原論,,"都市地域防災・減災, 災害リスクマネジメント, 災害対策, 被害抑止, 被害軽対応, 復旧・復興"
67,交通計画,FH47051,2.0 単位,2 - 4 年次,"春AB 火3,4","岡本 直久, 谷口 綾子, 和田 健太郎","交通計画を立案・策定するための能力としての需要予測,ネットワーク解析,費用対効分析,交通事故分析のための技術力を習得するとともに,モビリティ・マネジメント,計画,公共交通計画など,政策の今日的課題について論ずる。",都市計画,講義,"批判的・創造的思考力, 広い視野と国際性, 社会システムの基礎的理解と洞察力,な社会問題解決のための数学・統計学・情報技術, グローバル課題の分析能力, 社要請への対応力","道路,鉄道,航空・空港、海運・港湾の各種交通運輸分野における政策を対象として、え方、過去の事例、効果の測り方等について概説し、交通インフラ計画の立案するための方法論を理解する。また、それぞれの政策を理解するために必要となる「交通」に関する基礎的知識を習得する。","交通計画を理解、議論するための必要な知識を10週で学ぶ。第1回 交通計画の基礎、交通統計(岡本)第2回 交通需要予測の方法(和田)第3回 交通ネットワーク分析, 交通流理論 (和田)第4回 道路空間のデザインと運用(和田)第5回 交通政策の費用便益分析(岡本)第6回 観光地の交通計画(岡本)第7回 国際交通施設の計画と運用(岡本)第8回 公共交通計画と歩行者交通計画(谷口)第9回 交通事故分析と対策(谷口)第10回 モビリティ・マネジメント(谷口)具体の授業内容は,初回講義にて配布するレジュメを参照のこと.",前提科目:都市計画入門履修上の注意事項:講義中の私語は慎むこと。期末試験を正当な理由無く、受験しなかた場合は、成績評価外とする。,期末試験にもとづいて総合評価を行なう。,適宜、講義中に指示する。,教科書は特に指定しない,e-mail等により事前にアポイントを取ること.岡本 直久  okamoto[at]sk.tsukuba.ac.jphttp://infoshako.sk.tsukuba.ac.jp/̃okam谷口 綾子  電子メールでアポイントメントを取ること総合研究棟B 721室taniguchi[at]risk.tsukuba.ac.jphttps:/jp/̃tj330/Labo/ayakolab/index.html和田 健太郎  メールで事前にアポを取ってください https://triosjp/researcher/4258,授業中の私語は慎むこと。,,なし,"交通工学, 交通需要予測, 交通行動分析, MaaS, 交通事故分析, 鉄道,公共交通, 航空, 海運"
68,都市・地域科学演習,FH48002,3.0 単位,3・4 年次,"春ABC 火5,6","太田 充, 梅本 通孝, 牛島 光一","都市・地域・環境経済学的な手法・テーマ・データで実証分析を行い,政策的な課題を分析する視点・手法を修得する。",都市計画,演習,コミュニケーション能力、批判的・創造的思考力、データ・情報リテラシー、広い視野と国際性、協働性・主体性・自律性、社会システムの基礎的理解と洞察力、複雑な社会問題解決のための数学・統計学・情報技術、社会的要請への対応力、コミュニケーション・スキル、課題探求能力,空間データベースの作成、それを用いた計量経済分析を通じて、政策評価がどのように行えるのかを学習する空間計量経済分析手法を習得する。代表的な空間データであるポイントデータの扱い方と分析方法学習し、政策的含意の導出方法を習得する。第1回̃第5回:ヘドニック・アプローチによるつくば市の賃貸住宅賃料分析の方法をし試行する(梅本担当)第6回̃第10回:重回帰分析とパネルデータ分析の方法を理解し試行する(牛島担当第10回̃第15回:Rstudioを用いて地理空間データ分析の方法を理解し試行,"全15回を、前5回1人、後10回2人の教員の2つのモジュールに分け担当する第1回 ヘドニックアプローチによるつくば市の賃貸住宅賃料分析(1)賃貸住宅デー集 担当:梅本 通孝第2回 ヘドニックアプローチによるつくば市の賃貸住宅賃料分析(2)ArcGIS件データの作成 担当:梅本 通孝第3回 ヘドニックアプローチによるつくば市の賃貸住宅賃料分析(3)中間発表 担通孝第4回 ヘドニックアプローチによるつくば市の賃貸住宅賃料分析(4)SPSSによ築 担当:梅本 通孝第5回 ヘドニックアプローチによるつくば市の賃貸住宅賃料分析(5)最終発表 担通孝第6回 ヘドニックアプローチと因果推論(1):回帰分析の復習(予測と因果推論)田 充 , 牛島 光一第7回 ヘドニックアプローチと因果推論(2):重回帰分析の基本 担当:太田 充光一第8回 ヘドニックアプローチと因果推論(3):重回帰分析の応用 担当:太田 充光一第9回 ヘドニックアプローチと因果推論(4):パネルデータ分析 担当:太田 充光一第10回 ヘドニックアプローチと因果推論(5):傾向スコアマッチング 担当:太牛島 光一第11回 ヘドニックアプローチと因果推論(6):回帰不連続デザイン 担当:太田島 光一第12回 ヘドニックアプローチと因果推論(7):レポートの作成について 担当:牛島 光一第13回 ヘドニックアプローチと因果推論(8):発表準備 担当:太田 充 ,第14回 ヘドニックアプローチと因果推論(9):発表会 担当:太田 充 , 牛第15回 ヘドニックアプローチと因果推論(10):発表会 担当:太田 充 ,",受講者の理解度に応じ、授業中に指示する,授業中に行う発表内容(30%)及び個人レポートの内容(70%)によって判定する,授業時間中に学んだ分析手法を応用して独自の分析・考察を進めること,特に指定しない。必要に応じて講義資料を配布する,太田 充  ota at sk.tsukuba.ac.jphttp://www.sk.tsukuba.ac.jp/̃ota梅本 通孝  月曜9:00-12:00(電子メール等にてアポ必要)総合研究棟B802 umemoto#at#risk.tsukuba.ac.jp//infoshako.sk.tsukuba.ac.jp/̃tj330/Lab牛島 光一,各自、グループでの積極的なコミットメントを求めます,FH48021 都市経済学FH48031 地域経営・行政論FH48041 政策・公共事業評価FH48051 都市解析FH48061 環境政策論FH61161 都市数理,,"空間データベース, 計量経済分析, 政策評価, 空間計量経済分析手法, 重回帰ネルデータ分析, ヘドニック・アプローチ, GIS, R, Pysal, py"
69,都市経済学,FH48021,2.0 単位,2 - 4 年次,"秋AB 木1,2","太田 充, 牛島 光一",都市経済学と立地論の分析手法の基礎を習得し、都市・地域・国際交易に関する政策についての知識を学ぶ。,都市計画,講義,批判的・創造的思考力、データ・情報リテラシー、広い視野と国際性、社会システムの基礎的理解と洞察力、グローバル課題の分析能力、社会的要請への対応力,都市経済学と立地論の分析手法の基礎を習得し、都市・地域・国際交易に関する政策について理解すること。,都市においてどのように経済活動が営まれ、その結果どういった問題が生じ、それに対処するにはどのような政策が有効かを研究する、都市経済学の基本的な考え方をを理解すること。第1回 都市経済学とは第2回 都市経済学が通常の経済学と異なる点第3回 都市の定義、都市が存在する理由、集積の経済と都市第4回 消費者行動の理論第5回 都市内土地利用の理論I 消費者の選択第6回 都市内土地利用の理論II 都市の空間構造第7回 政策的介入が必要な理由第8回 土地市場、土地政策、住宅市場第9回 ヘドニックモデル、回帰分析について(1)第10回 ヘドニックモデル、回帰分析について(2),前提科目としてミクロ経済学の履修が望ましいが必須ではない。,主に期末試験の点数で成績を評価する。,教科書のキーワードや練習問題を参考に準備学習・事後学習を行うこと。,"以下の教科書を全体を通じて使用する。1. Takaaki Takahashi,“Urban Economics,",随時。メールでアポイントを取ること。,,,,"都市, 集積, 政策介入, ミクロ経済学"
70,地域経営・行政論,FH48031,2.0 単位,2 - 4 年次,"秋AB 水1,2","有田 智一, 川島 宏一",公共政策のあり方及びその担い手の変化に係る近年の新たな世界的潮流及び欧米諸国との比較を踏まえつつ、国土計画、住宅・都市地域政策の事例を通して、公共政策の決定・実施・評価及び今後の都市・地域再生のあり方について議論できる能力を習得する。,都市計画,講義,汎用コンピテンス批判的・創造的思考力/ 広い視野と国際性専門コンピテンス社会システムの基礎的理解と洞察力/  グローバル課題の分析能力/ 社会的要応力,公共政策のあり方及びその担い手の変化に係る近年の新たな世界的潮流及び欧米諸国との比較を踏まえつつ、国土計画、住宅・都市地域政策の事例を通して、公共政策の決定・実施・評価及び今後の都市・地域再生のあり方について議論できる能力を習得する。,有田、川島とともに適宜外部の実務家も交えて実施する。第1回 公共部門の役割第2回 行政システムの体系第3回 都市財政・公共サービスの供給第4回 外部性と政策第5回 公平性・所得再分配政策第6回 NPM・政策評価第7回 都市・地域のガバナンス第8回 国土・都市・地域政策 1第9回 国土・都市・地域政策 2第10回 今後の都市・地域再生の方向性,特になし,講義ごとの課題提出及び最終試験による。 (最終試験実施方法は詳細は授業中に指示る予定)評価割合は 講義ごとの課題提出30% 最終試験70%とする。最終試験の評価基準(1)問題の設定標準+α A~A+背景がわかりやすく述べられ問題設定が既存の研究レビューに基づいて明確にされている標準 B背景の説明と問題設定が適切であり、既存研究のレビューがなされているC 合格最低ライン背景と設定が説明されているD 不合格背景、設定のいずれかが説明されていない(2)論旨の展開標準+α A~A+論旨の組立て、展開に創意工夫がみられる標準 B論旨の展開が明確であるC 合格最低ライン論旨は理解できるレベルにあるD 不合格論旨が不明確である(3)結論の導き方標準+α A~A+独創性がみられ、結論には説得力がある標準 B明確な結論を導いているC 合格最低ライン論旨の展開と結論の間に矛盾はないD 不合格結論は唐突である,学修時間の割り当て講義(100%)授業外における学修方法講義ごとに課す課題についてレポートを作成し所定の期限までに提出すること,特に指定しない(参考文献等は必要に応じて提示もしくは配布する),随時。メールでアポイントを取ること有田 智一  arita at sk.tsukuba.ac.jp川島 宏一  kawashima.hiroichi.gb at u.tsuku,講義は日本語で実施する。,,なし,公共政策のあり方 / 公共性の担い手
71,政策・公共事業評価,FH48041,2.0 単位,2 - 4 年次,"春AB 火1,2",堤 盛人,"都市・地域・国土を対象とした政策を念頭に政策評価の現状について説明するとともに、社会資本整備プロジェクトを対象に,経済分析(費用便益分析)・財務分析・プロクトに関する金融について説明する。",都市計画,講義,汎用コンピテンス批判的・創造的思考力データ・情報リテラシー広い視野と国際性専門コンピテンス社会システムの基礎的理解と洞察力 グローバル課題の分析能力社会的要請への対応力,都市・地域・国土を対象とした様々な政策の評価に関して、政策評価の方法論や様々な手法、現状・課題について学ぶ。次いで、公共事業(社会資本整備事業/プロジェクト)を対象に、(1)経済分析(費析) (2)財務分析  (3)プロジェクトに関する金融 について学び、広く一般ト/事業評価とファイナンスに関する基礎的知識を習得する。,政策評価の目的と概要政策評価に用いられる様々な手法我が国における政策評価の現状と課題公共事業の種別・類型とその特徴公共事業の効果とFeasibility Study公共事業の経済分析:経済分析の基本的な考え方  便益の定義と計測公共事業の財務分析:財務分析の基本的な考え方  財務諸表の作成公共事業に関する金融:プロジェクトのファイナンスとリスク プロジェクト・ファインス期末試験は試験期間中に本学の教室で実施する。,講義では、ミクロ経済学・会計学、金融論の基礎的な知識を必要とする。これらの科目を履修していることが望ましいが、履修していない場合には、授業の予習・復習において各自で学習すること。,期末試験の成績(100%)に基づき評価する(評点)。,受講者の理解度に応じ、授業中に指示する。,なし,,本講義の内容は、都市計画主専攻の学生のみならず、社会経済システム・経営工学主専攻の学生にとっても有益で関わりの深い内容である。FH41051  都市・地域・国土の政策評価 を単位修得済みの学生は履修を認め,,,政策評価 施策 事業 費用便益分析
72,都市解析,FH48051,2.0 単位,2 - 4 年次,"秋AB 木3,4","鈴木 勉, 石井 儀光, EOM SUNYONG, 大澤 義明","都市をある視点から抽象化すると,点や線や面の織りなすパターンとみなすことができる。そこで,都市機能の面から,これらのパターンを分析する場合の数理的基礎につい論ずる。",都市計画,講義,"批判的・創造的思考力,データ・情報リテラシー,社会システムの基礎的理解と洞察力雑な社会問題解決のための数学・統計学・情報技術","都市をある視点から抽象化すると,点や線や面の織りなすパターンとみなすことができる.そこで,都市機能の面から,これらのパターンを分析する場合の数理的基礎を理解ことを目標とする.","都市を構成する建物,施設,道路などの要素間の関係や秩序,パターンがそれらの持つとどのような関係にあるか,また,都市が展開されている2次元平面の持つ特徴についじる.地図を見たり,データをながめたりしただけでは分からない数理的方法について説する.第1回 都市の施設配置 担当:鈴木 勉第2回 道路網・交差点と移動経路の交差 担当:鈴木 勉第3回 データから読む都市構造 担当:石井 儀光第4回 都市計画のDXの動向と防災・減災の数理モデル 担当:石井 儀光第5回 土地利用の数理モデル 担当:EOM SUNYONG第6回 人の動きを考慮した都市解析と数理モデル 担当:EOM SUNYONG第7回 都市解析におけるビッグデータの活用 担当:EOM SUNYONG第8回 都市解析による地域問題へのアプローチ(1)第9回 都市解析による地域問題へのアプローチ(2)第10回 まとめ 担当:鈴木 勉",特になし,期末試験またはレポート(100%)により評価する.授業中に行う課題も考慮するこある.,"受講者の理解度に応じ,授業中に指示する.","1. 腰塚武志,「応用のための積分幾何学」,近代科学社.",随時.メールでアポイントを取ること.鈴木 勉  メールでアポを取ること. tsutomu at risk.tsuktsukuba.ac.jp/̃tsutomu/public_html/inde石井 儀光EOM SUNYONG  eom.sunyong.fw at u.tsukub大澤 義明  osawa at sk.tsukuba.ac.jphttp://infoshako.sk.tsukuba.ac.jp/̃tosh,特になし,,,"都市解析, 施設配置, 立地理論, Croftonの定理, 積分幾何学"
73,環境政策論,FH48061,2.0 単位,2 - 4 年次,"秋AB 火3,4",奥島 真一郎,本科目では、主に経済学的な観点から、環境保全のための政策手段やその評価手法について考察する。加えて、様々な価値観、ディシプリンと政策インプリケーションとの関係について考察し、「環境問題」や「環境政策」に対する多様な視点を涵養する。また、地球温暖化問題や廃棄物問題など具体的な環境問題についての理解を深める。,都市計画,講義,批判的・創造的思考力、データ・情報リテラシー、広い視野と国際性、国際学(国際開発)の理解、国際学(国際開発)の分析能力、国際学(国際開発)の論理的表現(国際類) / 批判的・創造的思考力、広い視野と国際性、社会システムの基礎的理解と洞力、グローバル課題の分析能力、社会的要請への対応力(社会工学類),1.  環境保全のための政策手段やその評価手法について説明できる。2.  「環境問題」や「環境政策」に対する多様な視点、考え方を理解する。3.  気候変動問題や廃棄物問題など具体的な環境問題について説明できる。,イントロダクション環境経済学、政策分析(直接規制、税、補助金、排出許可証取引制度など)1環境経済学、政策分析(直接規制、税、補助金、排出許可証取引制度など)2環境経済学、政策分析(直接規制、税、補助金、排出許可証取引制度など)3環境と倫理(環境倫理学):道徳的配慮の拡大環境と倫理(環境倫理学):自然に対する責任、ディープエコロジー(Deep E環境行動主義環境と倫理:気候倫理(気候正義)実際の環境問題と環境政策:気候変動政策など実際の環境問題と環境政策:エネルギー政策など実際の環境問題と環境政策:気候変動の経済学など,ミクロ経済学、マクロ経済学の基礎は前提とする(「限界」概念など)。,1. 平常点(授業中に課す課題や小テスト等)20%、2. 期末試験80%、によ合点に基づき、A+(̃90点)、A(̃80点)、B(̃70点)、C(̃60点),復習を必ず行うこと。,教科書は特になし。参考書は以下の通り。その他の参考書、論文は、適宜指示する。また、適宜資料を配付する。,随時(メールによる事前アポイントメント要)。,対面講義。オンデマンド録画配信回あり。期末試験は対面。代替措置はない。,,TAあり。,"環境政策, 環境経済学, 環境倫理"
74,都市計画インターンシップ,FH45013,2.0 単位,3・4 年次,通年 応談,"渡辺 俊, 山本 幸子","都市計画と関連のある官公庁,研究所,企業,非営利団体などで研修を行い,実践的な発見と解決能力を身につける。",都市計画,実習・実験・実技,汎用コンピテンス:コミュニケーション能力 批判的・創造的思考力データ・情報リテラシー広い視野と国際性 心身の健康と人間性・倫理性 協働性・主体性・自律性専門コンピテンス:社会的要請への対応力コミュニケーション・スキル 課題探求能力,夏期休業期間中を利用して、官公庁、研究所、企業、非営利団体などで研修を行い、都市計画に関する実践的な問題発見・解決能力を身につけるとともに、就業体験を通して職業意識の醸成、自己能力の涵養、学習意識の再確認、自己の適正判断と将来の進路選定の指針を獲得する。,4月: 研究希望先調査、紹介教員の確定5月: 紹介教員との面接、研修先との調整6月: ガイダンス、研修先の注意事項の説明、報告書用紙の配布8~9月:研修の実施10月:報告書提出、報告会における報告、礼状送付受け入れ機関及び担当教員の指示に従うこと。,社会工学類3・4年次生を優先する。,"原則として2週間以上の研修を実施した者を成績評価の対象とし,その実績に関する報書内容(80%)及び10月初旬に開催する報告会における報告内容(20%)によりる。",受け入れ機関の指示に従うこと。,受け入れ機関の指示に従うこと。,N.A.,,,,インターンシップ
75,建築関連法規,FH45051,1.0 単位,2 - 4 年次,秋B 集中,"飯田 直彦, 五條 渉, 石﨑 和志",建築基準法を主体に、都市計画・土地利用関係法令、建設事業関係法令など、建築全般に関する法令を、実例を引用して具体的に講義することにより、法令の基礎的な仕組みを理解する。,都市計画,講義,汎用コンピテンス批判的・創造的思考力/ 広い視野と国際性専門コンピテンス社会システムの基礎的理解と洞察力,建築基準法を主体に、都市計画・土地利用関係法令、建設事業関係法令など、建築全般に関する法令を、実例を引用して具体的に講義することにより、法令の基礎的な仕組みを理解する。,建築基準法を主体に、都市計画・土地利用関係法令、建設事業関係法令など、建築全般に関する法令を、実例を引用して具体的に講義することにより、法令の基礎的な仕組みを理解する。第1回 建築関連法規概論 担当:五條 渉第2回 建築基準法1(総則)及び建築士法 担当:五條 渉第3回 建築基準法2(単体) 担当:五條 渉第4回 建築基準法3(集団1) 担当:飯田 直彦第5回 建築基準法4(集団2) 担当:飯田 直彦第6回 消防法・衛生安全関連法規 担当:石﨑 和志第7回 優良建築物促進のための法規 担当:石﨑 和志第8回 住宅関連法規 担当:石﨑 和志第9回 都市計画法・都市関連法規 担当:飯田 直彦第10回 まちづくり関連法規 担当:飯田 直彦,特になし。,課題レポートによって評価する。最終レポートの評価基準(1)問題の設定標準+α A~A+背景がわかりやすく述べられ問題設定が既存の研究レビューに基づいて明確にされている標準 B背景の説明と問題設定が適切であり、既存研究のレビューがなされているC 合格最低ライン背景と設定が説明されているD 不合格背景、設定のいずれかが説明されていない(2)論旨の展開標準+α A~A+論旨の組立て、展開に創意工夫がみられる標準 B論旨の展開が明確であるC 合格最低ライン論旨は理解できるレベルにあるD 不合格論旨が不明確である(3)結論の導き方標準+α A~A+独創性がみられ、結論には説得力がある標準 B明確な結論を導いているC 合格最低ライン論旨の展開と結論の間に矛盾はないD 不合格結論は唐突である,学修時間の割り当て講義(100%)授業外における学修方法課題についてレポートを作成し所定の期限までに提出すること,指定教科書を別途掲示予定,世話人教員にお問い合わせください世話人教員 有田智一 arita@sk.tsukuba.ac.jp,講義は日本語で実施する。,,なし,建築基準法都市計画法
76,建築経済,FH45061,1.0 単位,2 - 4 年次,秋B 集中,田村 篤,"建築活動の経済的側面と建築のライフサイクル,建築の管理に関わる基礎知識を習得する。",都市計画,講義,汎用コンピテンス批判的・創造的思考力/ 広い視野と国際性専門コンピテンス社会システムの基礎的理解と洞察力/ グローバル課題の分析能力社会的要請への対応力,建築活動の経済的側面、建築コスト管理の意義と建築積算に関する基礎知識を修得する。,建築活動の経済的側面、建築コスト管理の意義と建築積算に関する基礎知識を修得する。第1回 建築活動を支える経済的側面 担当:渡邊 史郎第2回 建築生産1(建築のライフサイクル  建築企画・設計・施工・維持管理)邊 史郎第3回 建築生産2(建築生産に関わる技術者の責任と役割) 担当:渡邊 史郎第4回 建築生産3(建築プロジェクトの管理、受発注契約) 担当:渡邊 史郎第5回 建築のコスト管理1(積算と見積り、工事費の構成) 担当:渡邊 史郎第6回 建築のコスト管理2(数量積算) 担当:渡邊 史郎第7回 建築のコスト管理3(躯体工事の積算) 担当:渡邊 史郎第8回 建築のコスト管理4(仕上げ工事・設備工事の積算) 担当:渡邊 史郎第9回 建築の評価1(建築の性能評価・表示) 担当:渡邊 史郎第10回 建築の評価2(性能評価の新たな側面) 担当:渡邊 史郎,建築に関する知識を一定程度有していることを前提に講義する。,講師から提示された課題へのレポート内容で総合評価する。レポートの評価基準(1)問題の設定標準+α A~A+背景がわかりやすく述べられ問題設定が既存の研究レビューに基づいて明確にされている標準 B背景の説明と問題設定が適切であり、既存研究のレビューがなされているC 合格最低ライン背景と設定が説明されているD 不合格背景、設定のいずれかが説明されていない(2)論旨の展開標準+α A~A+論旨の組立て、展開に創意工夫がみられる標準 B論旨の展開が明確であるC 合格最低ライン論旨は理解できるレベルにあるD 不合格論旨が不明確である(3)結論の導き方標準+α A~A+独創性がみられ、結論には説得力がある標準 B明確な結論を導いているC 合格最低ライン論旨の展開と結論の間に矛盾はないD 不合格結論は唐突である,学修時間の割り当て講義(100%)授業外における学修方法課題についてレポートを作成し所定の期限までに提出すること,必要に応じて講義中に提示する,世話人教員にお問い合わせください世話人教員 有田智一 arita@sk.tsukuba.ac.jp,非常勤講師により集中講義方式で行いますので、日程など掲示に注意して下さい。講義は日本語で実施する。,,なし,建築生産、建築コスト
77,建築生産,FH45071,1.0 単位,2 - 4 年次,秋AB 集中,"川上 敏男, 藤川 昌樹","建築生産の概要について演習・現場をまじえながら理解し,その基礎習得を目指す学生きの講義である。集中講義ではあるが,見学をふくめ現場での実際のものつくりを建築工の工程をふまえながら、体感することに取り組む。",都市計画,講義,「批判的・創造的思考力、広い視野と国際性、社会システムの基礎的理解と洞察力、グローバル課題の分析能力、社会的要請への対応力」,"建築がいかに作られていくか、講義の受講・現場見学を通して理解し,その基礎的知識得を行う。集中講義ではあるが,見学をふくめ実際のものつくりを豊富な事例紹介を通て、体感することに取り組む。",2日間の集中講義とし、(1)-(5)、(6)-(10)をそれぞれ1日間で実施す2021年は、コロナウイルス感染防止のため、・第1回(日程未定)9:30-17:00 ONLINE(Teamsを利用、詳し・第2回(日程未定)9:30-17:00 ONLINE講義/ONSITE現場見で講義を実施する。(1) オリエンテーションおよび建築生産(施工・設計)概要(2) 杭工事・土工事・山留め工事(3) 躯体工事・鉄筋工事・型枠工事(4) コンクリート工事・演習課題出題(5) 工事例(6) 現場見学(7) 現場見学(8) 鉄骨工事・CW工事・仕上工事(9) 環境・安全・コスト・工程管理(10) 工事例・レポート課題出題講義と現場見学の双方により、立体的な理解ができるように講義は計画されている。,建築の建設に関し関心を有していることが必須である。,各回の講義・見学会におけるレポートによる評価点の合計により成績を判定する。,受講者の理解度に応じ、授業中に指示する。,講義中に配布する。特になし。,特になし(非常勤教員のため)。特になし,現場を見学する貴重な機会が提供される講義であるので、積極的な姿勢で受講して欲しい。,,T.A.配置あり。,建設 技術 現場
78,都市計画の思想史,FH45081,2.0 単位,1 - 3 年次,"春C 火1,2,木1,2",松原 康介,都市計画を学ぶこととは、一義的には都市を制御するための技術を習得し職能として身に着けることを意味するが、その成立の背景で積み重ねられてきた多くの試行錯誤の歴史を知ることは、都市計画と人間の関わりのあり方を客観的にとらえ、技術と倫理の関わり方を考える力を養うことにつながる。本講義では、都市計画の基礎的なトピックを対象に、その成立に関わった人々の考え方や言葉を「しつこく丁寧に掘り下げて」議論する。テキストや写真、図面など、できるだけ多くの生資料に触れて頂く。国際の学生にとっては、世界史もふまえた広い切り口からの都市計画への入門講座して位置付けられる。また、社工生にとっては、普段学んでいる技術としての都市計画の成立の背景に、どんな人々のどのような考え方が潜んでいたのかを再認識する機会として頂きたい(もちろん、他学類の学生も歓迎します)。,都市計画,講義,1.汎用コンピテンス:広い視野と国際性。2.専門コンピテンス:国際学(国際開発)についての分析能力(国際総合学類)+グル課題の分析能力(社会工学類),・建築・都市計画の背景にいた人々の「考え方」の概要、エッセンスを説明できる・歴史上の人物の思想(小説、哲学、建築、政治)が都市計画に与えた影響の概略を説できる,人物を中心に据える。小説、哲学、建築、政治などの諸領域において活動した人物を、時代別・地域別に事例としてとりあげ、週毎の主人公とする。原文テキストを購読しつつ進め、講師こだわりの小ネタも散りばめて紹介する。Cモジュールのみの短期集中でるため、毎回小レポートにより知識の定着をはかる。明治→大正→昭和→平成(日本の合)といった形で、歴史的時間軸に沿って話を進める。概ね、以下のような時代を各回おいて行う。第1回~第3回 明治、大正、昭和期における日本の都市計画第4回~第6回 上記時代において特に影響を与えたヨーロッパの都市計画第7回~第9回 空間認識の変容が進むグローバル時代第10回 身近なつくばセンターを題材とする総復習と展望森鴎外と建築基準法後藤新平と都市計画法石川栄耀と盛り場ナポレオン三世とパリ改造カミロ・ジッテとウィーン造形ル・コルビュジエとCIAM清家清と室礼(しつらい)番匠谷堯二と中東の都市復興柄谷行人と構造への意思磯崎新とつくばセンター,特になし,オンサイト出席を前提とする毎回の小レポート(40%)+最終試験(60%),授業で扱った都市・建築について、実際に訪れて見聞を深めることを奨励する。,各回で中心となる人物に関する代表的な書物をあげるが、これ以外にも積極的に読むことがのぞましい。このほか、講義中に提示する。,毎週火・木の18時から19時まで(講義後にオフィスアワーを持つ),オンサイト出席を前提とします。多くの本を読んでください。,,TAがいます。,都市・建築にかかわる思想/都市・建築にかかわる人物論/国際交流/
79,施設設計演習,FH45092,2.0 単位,3・4 年次,"秋AB 月5,6","渡辺 俊, 張  昊, 松林 道雄, 雨宮 護",空間の設計能力向上を目指す建築設計製図演習である。2-3年次に「基本製図」及び環境設計演習(住環境計画演習)」等を受講した学生が、これまでに習得した設計製図おける基礎手法を踏まえて、先進的な情報処理技術による高度な設計方法を身に着けることを目標とする。,都市計画,演習,「コミュニケーション能力、批判的・創造的思考力、データ・情報リテラシー、協働性・主体性・自律性、社会的要請への対応力、コミュニケーション・スキル、課題探求能力」,「基本製図」及び「住環境設計演習(住環境計画演習)」等における建築設計手法の習を前提として、さらにBIM(Building Information Mode身に付けるとともに、デザイン能力の向上を目指す。,最先端のオフィスビルを題材としたBIM演習を通じてオフィス設計の基本を学ぶととに、具体的な設計課題を通じて建築計画力・設計能力を養い、新しい時代の執務環境にふさわしい建築・都市空間をデザインする。BIMソフトウェアについては、大学の端も自身のパーソナルコンピュータでも利用できる教育用ライセンスを提供する。第1回 課題説明・BIM演習(1)第2回 オフィス設計の基礎・BIM演習(2)第3回 オフィス事例の紹介・BIM演習(3)第4回 敷地分析・BIM演習(4)第5回 エスキース・BIM演習(5)第6回 ゾーニング・ヴォリュームスタディ第7回 基本計画発表会第8回 計画案のモデリング・設計作業第9回 設計作業・プレゼンテーション準備第10回 最終発表会,2-3年次に「基本製図」、「住環境設計演習(住環境計画演習)」を受講している、は同等のスキルを習得していること。,"設計製図力、及び、総合的な建築・都市計画能力(発想力,労力,プレゼンテーション確性など)を評価する。",設計の作業は授業時間内だけではなく、授業前後の時間も積極的に活用すること。,各週で資料を配布する。その他、設計課題の対象に応じて参考文献を指示する。,,建築士受験資格の取得のためだけでなく、設計関連職への就職活動の際に必要となる作品を作成するチャンスなので、意欲的に受講して欲しい。,,T.A.配置あり。,建築 設計 オフィスビル BIM
80,都市計画演習,FH45122,4.0 単位,2 年次,秋AB 月3-6,"甲斐田 直子, 鈴木 勉, 谷口 綾子, 谷口 守, 松原 康介, 和田 健太郎, EOM SUNYONG","(社会工学類・国際総合学類共通)「変貌するつくば市の現状と問題点,将来を探る」う課題のもと,現地調査を通して都市地域の空間を実際に体験するとともに,基礎資料収集・解析によって地域特性を把握し,その地域における都市・地域計画上の課題を自発見提示し,問題解決の方法や考え方の基礎を体験的に習得することを目的とする.具的には,担当教員毎に課題の領域が設定されるので,それぞれの課題領域で班を構成し員の指導を受けながら,現地調査や資料調査,データ解析,関係者との討論等を通じて画課題の発見と問題解決に資する提案を行う実践的能力を習得する.",都市計画,演習,"汎用コンピテンス:1-6(コミュニケーション能力、批判的・創造的思考力、データ報リテラシー、広い視野と国際性、心身の健康と人間性・倫理性、協働性・主体性・自律性)専門コンピテンス:5,6(コミュニケーション・スキル、課題探究能力)","(社会工学類・国際総合学類共通)基礎資料の収集・解析によって地域特性を把握し,地域における都市・地域計画上の課題を自ら発見提示し,計画課題の発見と問題解決にする提案を行うことができる.",第1回 ガイダンス・班編成第2回 作業(テーマ設定など)第3回 作業(グループワーク計画策定など)第4回 作業(調査実施・分析など)第5回 作業(調査実施・分析、発表準備など)第6回 中間発表会第7回 作業(調査実施・分析など)第8回 作業(調査実施・分析など)第9回 作業(発表準備など)第10回 最終発表会,(社会工学類・国際総合学類共通)前提科目は特になし.(社会工学類) 社会工学類都市計画専攻2年生を優先する.(国際総合学類) 国際総合学類学生は国際開発学主専攻の3-4年次を優先とする.,"(社会工学類・国際総合学類共通)演習への取り組みの態度および貢献度(40%),の発表および質疑(20%), 最終成果物(レポート)(40%)によって総合的に",,"(社会工学類・国際総合学類共通) サブテーマによって指定することがあるほか,デベースとして蓄積されている過去の実習報告書や関連教材を提供する.",メールでアポイントメントを取ること甲斐田 直子  メールによりアポイントメントを取ること naoko.kaidaac.jphttps://trios.tsukuba.ac.jp/resear鈴木 勉  メールでアポを取ること. tsutomu at risk.tsuktsukuba.ac.jp/̃tsutomu/public_html/inde谷口 綾子  電子メールでアポイントメントを取ること総合研究棟B 721室taniguchi[at]risk.tsukuba.ac.jphttps:/jp/̃tj330/Labo/ayakolab/index.html谷口 守  メールにより余裕をもってアポイントメントを取ること mamorutsukuba.ac.jphttps://infoshako.sk.tsukuba.ac.jp/̃tj3松原 康介  http://infoshako.sk.tsukuba.ac.j和田 健太郎  メールで事前にアポを取ってください https://triosjp/researcher/4258,,,,都市地域計画、グループワーク、調査、データ解析、持続性、交通・移動、公共サービス、環境、社会的ジレンマ、スマートキャンパス、歴史
81,都市計画事例講義,FH45135,3.0 単位,2 - 4 年次,"春C 集中; 秋A 木5,6,集中; 秋B 木5,6","雨宮 護, 藤井 さやか, 梅本 通孝, 岡本 直久","都市計画に関連する実際の事業や業務の実態に触れるため、卒業生や実務家が関わった多様な都市計画やまちづくりの事例等を取り上げ,実社会における都市計画業務のプロセスや手法を理解し、必要な見識と成功する条件等について議論する。",都市計画,講義及び実習・実験・実技,"コミュニケーション能力,批判的・創造的思考力,広い視野と国際性,協働性・主体性自律性,グローバル課題の分析能力,社会的要請への対応力,コミュニケーション・スル,課題探求能力","都市計画に関係する実際の事業や業務は,様々な法制度による規制等を受けたり,多く組織との交渉の結果,成立したりするものである。そこで卒業生が実際に関わった開発例等をとりあげ,実社会における業務内容や法規(建築基準法,都市計画法,建築士法設業法等)を理解しつつ,必要な見識と成功する条件等について理解する。",第1回 オリエンテーション第2回 卒業生による講義(1)第3回 卒業生による講義(2)第4回 卒業生による講義(3)第5回 卒業生による講義(4)第6回 卒業生による講義(5)第7回 卒業生による講義(6)第8回 卒業生による講義(7)第9回 卒業生による講義(8)第10回 卒業生による講義(9)第11回 卒業生による講義(10),"現地見学を3回程度,集中で夏季及び秋季休業中に行う。この詳細については6月~7ろに開催される都市計画インターンシップの授業ガイダンス内にて説明する。本科目受講予定者は必ずこのガイダンスに出席すること。本科目の履修は,社会工学類3・4年生を優先とする。","見学及び講義への参加の積極性(質問,ディスカッション等への参加)30%,レポー容70%の比重で総合的に評価する。","2単位相当分を講義,1単位相当分を現地見学に充てる。講義および現地見学後には,各回ともレポート提出を課す。",講義資料については毎週授業開始時に配布する。,随時。メールでアポイントメントをとること。雨宮 護  随時.メールで連絡すること. amemiya at sk.tsuk藤井 さやか  メールでアポイントをとってください fujii at sk.t梅本 通孝  月曜9:00-12:00(電子メール等にてアポ必要)総合研究棟B802 umemoto#at#risk.tsukuba.ac.jp//infoshako.sk.tsukuba.ac.jp/̃tj330/Lab,"都市計画の現場と多様な分野で活躍する卒業生の講義から,今後の学習やキャリアにつて探求してほしい。",,,"都市計画, 都市開発, 法規, 実務, キャリア"
82,基本製図,FH45142,1.0 単位,2 年次,"秋C 火3,4",山本 幸子,"社会工学類都市計画主専攻において,都市・建築空間の設計能力向上を目指す学生向け演習である。住宅の設計に必要な建築の基本図面(配置図,平面図,断面図,立面図等き方と関連する基礎知識を習得する。",都市計画,演習,データ・情報リテラシー社会的要請への対応力コミュニケーション・スキル課題探求能力,"住宅図面の製図作業を通して,建築図面の意味,図面の読み方と描き方,設計者の設計図,間取り・住棟配置の収まり,および都市・建築空間設計の基礎を学習する。そしてに行う予定の各自の設計作業に活かせるよう,建築物立案の企画力,建築空間の計画力計能力,および表現力の基礎技術を身につける。",第1回 講義計画と課題説明/製図作業(平面図・立面図)第2回 製図作業(平面図・立面図)第3回 製図作業(立面図・断面図)第4回 製図作業(立面図・断面図)第5回 製図作業(配置図・ショードローイング),CAD(Vectorworksを使用する)の基本的操作を習得していること。原則画情報演習」を既に履修していることとする。,提出課題の完成度により評価する。,演習時間外に自主的に課題建築物を見学する。演習時間内に終わらない場合、端末室の空き時間を活用して課題を完成させる。,"・コンパクト建築設計資料集成,日本建築学会・定番 建築製図入門,大脇賢次著,彰国社・やさしく学ぶ建築製図,松下希和+長沖充+照内創著,X-Knowledge・いちばんわかる建築製図入門,櫻井 良明,X-Knowledgeこの他、適宜講義内で紹介する。","適宜,メールでアポイントをとること文科系修士A棟307 sachiko at sk.tsukuba.ac.jp",,,,"建築,製図,設計"
83,設計演習I,FH45182,2.0 単位,3・4 年次,春A 金3-6,"山本 幸子, 藤川 昌樹, 渡辺 俊, 藤井 さやか, 雨宮 護, 今井 信博",社会工学類都市計画主専攻において、都市・建築空間の設計能力向上を目指す学生向けの演習である。木造住宅の設計を通して木造建築の基礎を習得し、住宅の計画・建築設計の基礎知識と技術を身につける。,都市計画,演習,コミュニケーション能力批判的・創造的思考力協働性・主体性・自立性社会的要請への対応コミュニケーション・スキル課題探求能力,戸建木造住宅を設計する中で建築設計に関する各知識や技法の基礎を習得し、建築物立案の企画力・建築空間の計画力・設計能力および表現力の基礎技術を身につける。課題は社会情勢や実現性を考慮した具体的なものとする。,"課題地を設定し、独立住宅の設計を行う。エスキスを重ねながら生活空間のデザイン手法を学ぶとともに、図面表現・模型製作技術等プレゼンテーション能力を身につける。第1回 講義計画と課題説明/建築計画と設計の基礎/課題地の見学/作品分析/計画第2回 エスキスI:コンセプト/ゾーニング/平面・断面計画第3回 エスキスII:平面・断面・立面計画/配置図第4回 中間発表/講評/模型の作り方第5回 エスキスIII:各種図面,模型他/プレゼンテーション技法第6回 最終発表/講評最終提出物:各種図面(A1)および模型",原則として「都市計画情報演習」「基本製図」を既に履修していることとする,提出課題の完成度により評価する,エスキースを適宜進めること,"この他、適宜講義内で紹介する1. 建築設計資料集成/日本建築学会,Architectural InstitArchitectural Design Data Corpus2. 日本の現代住宅1985-2005/TOTO出版,ToTo Shuppan1985-20053. 眼を養い手を練れ/宮脇檀住宅設計塾,Miyawaki Mayumi JuMewoyashinai Tewonere4. 建築設計学I/学芸出版社,Gakugei Shuppansha, Arc5. 世界で一番美しい住宅デザインの教科書/X-Knowledge,The MTextbook of House Designing, X-Knowledg6. プロセスで学ぶ独立住居と集合住居の設計/彰国社,Designing ofhouses and housing complexes, Shokokush",随時.メールでアポイントメントをとってください山本 幸子文科系修士A棟307 sachiko at sk.tsukuba.ac.jp,,,,"建築, 設計, 住宅"
84,都市計画原論,FH45201,2.0 単位,2 - 4 年次,"春AB 月1,2",谷口 守,我々が暮らす都市はどのように形成されたのだろうか。また、そこに存在する様々な問題はどのように解決していけばよいのだろうか。本講義は都市のなりたちとその課題、都市を構成するインフラや建築物、およびその計画の方法や将来展開について、国内外の多様な事例をひもとく事を通じ、本分野の入門として幅広い知識と知恵を身につけることを目的とする。,都市計画,講義,汎用コンピテンスの「2.批判的・創造的思考力」「4.広い視野と国際性」、およびコンピテンスの「1.社会システムの基礎的理解と洞察力」に関連する。,都市計画の基本的な原理・知識を体系的に学び、現在関連して社会で起きている諸事象を考察することにより、プランニングの専門家としての素養を身につける。,我々が暮らす都市はどのように形成されたのか、またそこに存在する様々な問題はどのように解決していけばよいのか。本授業では都市のなりたちとその課題、都市を構成する社会基盤(インフラ)や建築物、およびその計画の方法や将来展開について、国内外多様な事例をひもとくことを通じ、体系的に幅広い知識と現実課題に対応できる知恵が身につくよう、授業全体を構成している。下記の構成に従って授業を実施するが、その時々の社会的情勢などに応じ、話題提供の順序は前後することがある。第1回 イントロダクション第2回 都市の形成要因:なぜ都市ができるのか第3回 都市の問題、スプロール、建築の課題、そして都市計画の必要性第4回 巨大都市、世界都市、競争都市第5回 居住環境と都市第6回 地球環境と都市第7回 都市の防災、再生第8回 新しい都市のかたち(コンパクトシティ、スマートシティ、サイバーシティ)第9回 都市のガバナンスと新たな担い手第10回 都市計画の思想とこれから,特になし。,授業時における個別レポート40%、最終レポート60% 100点満点で評価を行う,日頃から関連するニューズや話題に注意を払っておくこと。また、指定した教科書を復習として読むことが効果的である。,下記書籍を教科書として使用する。参考書については授業実施時に適宜紹介する。「入門 都市計画 第二版 (森北出版)」,,都市計画を専門としない学生にとっても理解でき、かつ有用な内容とする。普段から関連するニュースや課題に興味を持って接していればより理解しやすい。,,TA配置あり 松浦海斗 s24*****@u.tsukuba.ac.jp,"都市, 計画, 地域, 国土, 環境, 社会基盤, 交通, 合意形成, 防災,"
85,都市計画の歴史,FH45211,2.0 単位,2 - 4 年次,"春AB 木1,2",藤川 昌樹,"古代から現代に至る都市・建築の歴史を概説し,各時代の空間の特色と政治・経済・社会・技術的背景との関連について考察を進める。また、現代に残された歴史的環境を保存するための制度・事例についても論述する。",都市計画,講義,「批判的・創造的思考力、社会システムの基礎的理解と洞察力、 広い視野と国際性」,古代から現代に至る世界の都市の歴史を空間的な側面、主として建築、街区・街路形態等の計画とその実態に着目して理解し、そのうえで各時代の空間の特色と政治・経済・社会・技術的背景との関連について学ぶ。また、各時代の遺構からなる歴史的環境の保存の制度・手法・実例について学ぶ。以上を通じて、一般常識としての古今東西の都市計画についての知識とともに、今後の都市の行方について考察する能力を身につける。さらに、最終レポートの作成を通じて、現実の歴史的都市の空間変容の見方を学ぶ。,都市・建築の歴史を学ぶ意義を理解した後、日本の都市の歴史を縦軸とし、諸外国の同時代の都市との比較を横軸として、古い時代から順番に都市計画の通史を学ぶ。最後に歴史的環境の保存に関してその制度・実例を学ぶ。第1回 都市・建築にとって歴史とはなにか?第2回 古代の都市と建築第3回 中世の都市と建築第4回 近世の都市と建築第5回 海外の近世都市と建築第6回 近世都市と建築の展開第7回 前近代都市・建築の近代化第8回 近代都市計画の成立と建築第9回 近代都市計画と建築の展開第10回 歴史的環境の保存と活用講義の最後に内容に関連した小レポートが課されるので、講義を良く聞くことが求められる。,「都市計画入門」を事前に履修しておくことが望ましい。,各回の講義で示す小レポート(50%)及び最終レポート(50%)を集計して判断し,受講者の理解度に応じ、授業中に指示する。,毎回講義資料を配布する。特になし。,木曜日11:30-12:30特になし。,都市の空間やその歴史を理解するための基礎的な言葉を、講義の聴講を通じて体得してください。,,T.A.あり。,都市空間 歴史 背景 保全
86,都市計画情報演習,FH45222,3.0 単位,2 年次,秋AB 火3-5,"渡辺 俊, 雨宮 護",都市計画・建築計画を考える上で不可欠な空間的に広がりのある情報(地図・図面などをコンピュータを用いて作成・分析するための基礎的な方法について、専門的アプリケーション(CAD・GIS)を利用した課題を通じて修得する。,都市計画,演習,データ・情報リテラシー協働性・主体性・自律性社会システムの基礎的理解と洞察力複雑な社会問題解決のための数学・統計学・情報技術,都市計画・建築計画を考える上で不可欠な空間的に広がりのある情報(地図・図面などをコンピュータを用いて作成・分析するための基礎的な方法論を身に着ける。特に、専門的アプリケーション(CAD・GIS)の基本機能を、目的に応じて使いこなせるよる。,第1回 CADの基本操作(渡辺)第2回 CADによる製図の手順(渡辺)第3回 システムズドラフティング(渡辺第4回 住宅の平面図(渡辺)第5回 住宅の立面図(渡辺)第6回 GISの概要とArcGISProの基本操作(雨宮)第7回 様々な空間情報と地図表現(雨宮)第8回 空間データの入力と操作(雨宮)第9回 空間データの解析(雨宮)第10回 最終課題(雨宮),1年次の履修は不可選択必修科目(都市計画主専攻)。,毎回課す作業成果物の質から総合的に評価する。前半CADの課題50%、後半GIS50%とする。,受講者の理解度に応じ授業中に指示する。,授業のホームページを参照(http://shako.sk.tsukuba.ac,,,,,"CAD, GIS"
87,卒業研究A,FH11918,4.0 単位,4 年次,春学期 応談,社会工学類各教員,指導教員の指導のもとに、学類でのまとめとなる研究を行う。研究の基本的習慣を学ぶとともに、テーマを決め、研究に着手する。,その他,卒業論文・卒業研究等,コミュニケーション能力、批判的・創造的思考力、データ・情報リテラシー、広い視野と国際性、心身の健康と人間性・倫理性、協働性・主体性・自律性、コミュニケーション能力、課題探求能力,"社会工学に関する具体的課題について,調査分析を通じて深い理解を得るとともに,論的な説明力を習得することを目標とする。指導教員を定め,教員の研究室に所属して研を行う。指導教員の個別指導により,研究背景の理解,目的設定の方法習得,研究目的のための手法の評価,分析手法の理解,論理的な議論を行うためのスキルを身につける","指導教員を定め,教員の研究室に所属し,定期的な指導を受けつつ,独自性のある研究う。",卒業研究着手要件を満たしていること。,"指導教員が研究への取り組み,成果をもとに評価を行う。TOEIC あるいは TO以上で受験していること。","指導教員の指導内容以外にも,自ら問題意識を深め主体的に研究をすすめること。",指導教員が適宜指示する。,指導教員並びに関連教員に個別にアポイントメントを取ること。,,,,卒業研究
88,卒業研究B,FH11928,4.0 単位,4 年次,秋学期 応談,社会工学類各教員,指導教員の指導のもとに、学類でのまとめとなる研究を行う。テーマに沿って研究を実施する。研究成果を論文にまとめ、発表を行う。,その他,卒業論文・卒業研究等,コミュニケーション能力、批判的・創造的思考力、データ・情報リテラシー、広い視野と国際性、心身の健康と人間性・倫理性、協働性・主体性・自律性、コミュニケーション能力、課題探求能力,"社会工学に関する具体的課題について,調査分析を通じて深い理解を得るとともに,論的な説明力を習得することを目標とする。指導教員を定め,教員の研究室に所属して研を行う。指導教員の個別指導により,研究背景の理解,目的設定の方法習得,研究目的のための手法の評価,分析手法の理解,論理的な議論を行うためのスキルを身につけるさらに卒業研究発表会においてプレゼンテーションを行い,議論を行うスキルを身につる。","指導教員を定め,教員の研究室に所属し,定期的な指導を受けつつ,独自性のある研究う。卒業研究発表会において卒業研究を発表する。",卒業研究着手要件を満たしていること。,"卒業論文,卒業研究発表会での発表・質疑内容,その他成果をもとに評価を行う。授業容が研究活動であるため総合的な評価とする。","指導教員の指導内容以外にも,自ら問題意識を深め主体的に研究をすすめること。",指導教員が適宜指示する。,指導教員並びに関連教員に個別にアポイントメントを取ること。,,,,卒業研究
89,早期卒業研究,FH11988,4.0 単位,3 年次,通年 応談,社会工学類各教員,指導教員の指導の下に早期卒業の該当者が研究を行い、研究成果を論文にまとめ、発表を行う。,その他,卒業論文・卒業研究等,コミュニケーション能力、批判的・創造的思考力、データ・情報リテラシー、広い視野と国際性、心身の健康と人間性・倫理性、協働性・主体性・自律性、コミュニケーション能力、課題探求能力,"社会工学に関する具体的課題について,調査分析を通じて深い理解を得るとともに,論的な説明力を習得することを目標とする。指導教員を定め,教員の研究室に所属して研を行う。指導教員の個別指導により,研究背景の理解,目的設定の方法習得,研究目的のための手法の評価,分析手法の理解,論理的な議論を行うためのスキルを身につける","指導教員を定め,教員の研究室に所属し,定期的な指導を受けつつ,独自性のある研究う。","社会工学類が別途定める条件を満たし,早期卒業研究又は卒業研究の指導教員の了解をた上で,履修を認められた者。","指導教員が研究への取り組み,成果をもとに評価を行う。","指導教員の指導内容以外にも,自ら問題意識を深め主体的に研究をすすめること。",指導教員が適宜指示する。,指導教員並びに関連教員に個別にアポイントメントを取ること。,,,,卒業研究
90,特別研究A,FH00048,3.0 単位,1 - 4 年次,春学期 応談,社会工学類各教員,The students will do their own research,その他,卒業論文・卒業研究等,コミュニケーション能力、批判的・創造的思考力、データ・情報リテラシー、広い視野と国際 性、心身の健康と人間性・倫理性、協働性・主体性・自律性、コミュニケーション能力、課題 探求能力,"社会工学に関する具体的課題について,調査分析を通じて深い理解を得るとともに,論的な説明力を習得することを目標とする。指導教員を定め,教員の研究室に所属して研を行う。指導教員の個別指導により,研究背景の理解,目的設定の方法習得,研究目的のための手法の評価,分析手法の理解,論理的な議論を行うためのスキルを身につける","指導教員を定め,教員の研究室に所属し,定期的な指導を受けつつ,独自性のある研究う。",特になし,"指導教員が研究への取り組み,成果をもとに評価を行う。","指導教員の指導内容以外にも,自ら問題意識を深め主体的に研究をすすめること。",指導教員が適宜指示する。,指導教員並びに関連教員に個別にアポイントメントを取ること。,,,,卒業研究
91,特別研究B,FH00058,3.0 単位,1 - 4 年次,秋学期 応談,社会工学類各教員,The students will do their own research,その他,卒業論文・卒業研究等,コミュニケーション能力、批判的・創造的思考力、データ・情報リテラシー、広い視野と国際 性、心身の健康と人間性・倫理性、協働性・主体性・自律性、コミュニケーション能力、課題 探求能力,"社会工学に関する具体的課題について,調査分析を通じて深い理解を得るとともに,論的な説明力を習得することを目標とする。指導教員を定め,教員の研究室に所属して研を行う。指導教員の個別指導により,研究背景の理解,目的設定の方法習得,研究目的のための手法の評価,分析手法の理解,論理的な議論を行うためのスキルを身につける","指導教員を定め,教員の研究室に所属し,定期的な指導を受けつつ,独自性のある研究う。",特になし,"指導教員が研究への取り組み,成果をもとに評価を行う。","指導教員の指導内容以外にも,自ら問題意識を深め主体的に研究をすすめること。",指導教員が適宜指示する。,指導教員並びに関連教員に個別にアポイントメントを取ること。,,,,卒業研究
